,spp,fbsci,maxlength,mortalitywild,fecundity,maturitylength,maturitylength_mean,maturityage,maturityage_mean,numberofspawningcycles,reproductiveseasonlength,fertilization,reproductionmode,spawningground,batchspawner,parentalcare,larvaesize,fecundity_mean,larvae_mean
1,Abudefduf saxatilis,Abudefduf saxatilis,22.9,NA,NA,10.1,10.1,NA,NaN,NA,8 months,external,dioecism,"c(NA, ""coastal"")",0,1,2.64,2E+05,2.64
2,Acanthochromis polyacanthus,Acanthochromis polyacanthus,14,8,NA,22,22,2,2,one clear seasonal peak per year,4.5 months,external,dioecism,NA,0,1,NA,400,NaN
3,Acanthopagrus australis,Acanthopagrus australis,66,14,3.00E+05,"c(24, NA, 21, 15)",20,"c(4, 3, 4, NA)",3.666666667,one clear seasonal peak per year,3 months,external,protandry,"c(""estuarine"", NA)",0,NA,1.7,3.00E+05,1.7
4,Acanthopagrus berda,Acanthopagrus berda,90,14,NA,20,20,NA,NaN,NA,4 months,external,protandry,"c(""riverine"", ""riverine"")",0,NA,NA,NaN,NaN
5,Acanthopagrus latus,Acanthopagrus latus,40,0.87,1811434,"c(NA, 24, NA)",24,"c(3.5, NA, NA)",3.5,one clear seasonal peak per year,5 months,external,protandry,NA,0,NA,NA,1811434,NaN
6,Acanthopagrus schlegelii,Acanthopagrus schlegelii,50,NA,NA,"c(29, 10.1, NA)",19.55,"c(NA, NA, NA)",NaN,one clear seasonal peak per year,3.2 months,external,protandry,"c(""coastal"", ""coastal"", ""coastal"", NA, ""coastal"")",0,3,2,NaN,2
7,Acanthopagrus taiwanensis,Acanthopagrus taiwanensis,18.4,NA,NA,NA,NaN,NA,NaN,NA,NA,NA,NA,NA,NA,NA,NA,NaN,NaN
8,Acanthurus leucosternon,Acanthurus leucosternon,54,15,NA,10.55,10.55,NA,NaN,NA,8 months,external,dioecism,NA,0,1,NA,NaN,NaN
9,Acanthurus nigricans,Acanthurus nigricans,21.3,34,NA,NA,NaN,14.5,14.5,NA,NA,external,dioecism,NA,0,1,NA,NaN,NaN
10,Acanthurus triostegus,Acanthurus triostegus,27,NA,NA,"c(NA, NA)",NaN,"c(1, NA)",1,NA,4 months,external,dioecism,coastal,0,1,1.7,100000,1.7
11,Aetobatus narinari,Aetobatus narinari,330,NA,1,"c(NA, 110, NA)",110,"c(4, NA, NA)",4,no obvious seasonal peak,2 months,internal (oviduct),dioecism,,0,NA,NA,1.5,NaN
12,Alosa alosa,Alosa alosa,69,10,"c(250000, 50000)","c(NA, 45, 30, NA, NA, NA, NA, NA)",37.5,"c(NA, NA, NA, 3, 2, 3, 4, 3)",3,once in a lifetime,2 months,external,dioecism,"c(""riverine"", NA, ""riverine"", NA, ""riverine"")",0,1,NA,150000,NaN
13,Alosa fallax,Alosa fallax,60,25,"c(75000, 50000, 1e+05)","c(NA, NA, NA, NA, NA, NA, NA, NA, NA, NA, NA, NA, NA)",NaN,"c(NA, NA, 2, 4, 3, 3, 2, 3, 4, 2, 3, 4, 3)",3,one clear seasonal peak per year,2.75 months,external,dioecism,"c(""riverine"", ""riverine"", NA, NA)",-1,1,NA,75000,NaN
14,Alosa sapidissima,Alosa sapidissima,76,13,"c(NA, NA, NA, 269000, 262000, NA, NA)","c(38.3, 30.5, NA, NA)",34.4,"c(2, 2, 5, 4)",3.25,one clear seasonal peak per year,3.25 months,external,dioecism,"c(""riverine"", ""riverine"", ""riverine"", NA)",-1,1,5.7,265500,5.7
15,Ammodytes personatus,Ammodytes personatus,15,NA,NA,NA,NaN,NA,NaN,one clear seasonal peak per year,3 months,NA,NA,"c(NA, NA)",NA,NA,0.472,NAN,0.472
16,Amphiprion akallopisos,Amphiprion akallopisos,11,NA,NA,NA,NaN,NA,NaN,NA,NA,external,protandry,NA,0,1,NA,NaN,NaN
17,Amphiprion clarkii,Amphiprion clarkii,15,11,1000,8.75,8.75,NA,NaN,no obvious seasonal peak,6 months,external,protandry,NA,0,1,NA,1000,NaN
18,Amphiprion frenatus,Amphiprion frenatus,14,NA,815,6.25,6.25,NA,NaN,no obvious seasonal peak,NA,external,protandry,NA,0,1,0.46,815,0.46
19,Amphiprion latezonatus,Amphiprion latezonatus,14,NA,18083,NA,NaN,NA,NaN,no obvious seasonal peak,5.2 months,external,protandry,NA,0,1,NA,18083,NaN
20,Amphiprion mccullochi,Amphiprion mccullochi,12,NA,NA,NA,NaN,NA,NaN,NA,NA,external,protandry,NA,0,1,NA,NaN,NaN
21,Amphiprion melanopus,Amphiprion melanopus,12,5,7200,4.5,4.5,1.67,1.67,NA,NA,external,protandry,coastal,0,1,NA,7200,NaN
22,Amphiprion ocellaris,Amphiprion ocellaris,11,NA,"c(600, NA)",NA,NaN,NA,NaN,NA,NA,external,protandry,NA,0,1,NA,600,NaN
23,Amphiprion percula,Amphiprion percula,11,30,NA,"c(4.6, 3.6)",4.1,"c(NA, NA)",NaN,no obvious seasonal peak,NA,external,protandry,NA,0,1,NA,NAN,NaN
24,Amphiprion perideraion,Amphiprion perideraion,10,NA,3000,"c(5.6, 4.7)",5.15,"c(1.75, 1.75)",1.75,No obvious seasonal peak,6 months,external,protandry,NA,-1,1,3.2,3000,3.2
25,Amphiprion polymnus,Amphiprion polymnus,13,12,NA,NA,NaN,NA,NaN,NA,NA,external,protandry,NA,0,1,3.5,NaN,3.5
26,Anarhichas lupus,Anarhichas lupus,150,NA,"c(12740, 25000)",50,50,6,6,one clear seasonal peak per year,NA,internal (oviduct),dioecism,"c(NA, NA)",0,1,NA,18870,NaN
27,Anoplopoma fimbria,Anoplopoma fimbria,120,94,"c(NA, 1e+05, 241200)","c(NA, NA, 58, NA, 60, NA, NA)",59,"c(NA, NA, NA, NA, 5, NA, NA)",5,NA,NA,external,dioecism,"c(NA, ""coastal"", ""oceanic"", ""shelf"")",0,3,6,170600,6
28,Antimora rostrata,Antimora rostrata,75,NA,NA,"c(51.2, 41, 41, 40, 40, 40)",42.2,"c(NA, NA, NA, NA, NA, NA)",NaN,NA,NA,NA,NA,NA,NA,NA,NA,NaN,NaN
29,Aphanius fasciatus,Aphanius fasciatus,6,NA,500,NA,NaN,0.6,0.6,NA,4.7 months,external,dioecism,"c(NA, NA, NA)",0,1,NA,500,NaN
30,Aphanopus carbo,Aphanopus carbo,151,NA,NA,"c(80, NA, NA, NA, NA, NA)",80,"c(NA, NA, 3, 3, NA, NA)",3,one clear seasonal peak per year,NA,external,dioecism,"c(NA, ""shelf"", NA)",0,3,0.65,NaN,0.65
31,Aphanopus intermedius,Aphanopus intermedius,148,NA,NA,NA,NaN,NA,NaN,one clear seasonal peak per year,NA,external,dioecism,NA,0,3,NA,NaN,NaN
32,Aphia minuta,Aphia minuta,7.9,1,935,"c(NA, 2.8, 2.5)",2.65,"c(NA, 0.42, 0.42)",0.42,two seasonal peaks per year,NA,external,dioecism,"c(NA, NA, ""coastal"", ""coastal"", ""coastal"", ""coastal"", ""coastal"", ""coastal"", ""coastal"")",0,NA,NA,935,NaN
33,Apogon imberbis,Apogon imberbis,15,5,NA,5.5,5.5,1,1,one clear seasonal peak per year,4 months,internal (oviduct),dioecism,"c(NA, ""coastal"")",0,1,2.5,NA,2.5
34,Argyrosomus coronus,Argyrosomus coronus,200,NA,NA,87,87,4.5,4.5,NA,NA,NA,NA,NA,NA,NA,NA,NaN,NaN
35,Argyrosomus inodorus,Argyrosomus inodorus,145,NA,NA,"c(NA, NA, NA, NA, NA, NA, NA, NA)",NaN,"c(NA, NA, NA, NA, NA, NA, NA, NA)",NaN,NA,4 months,NA,NA,"c(NA, NA, NA)",NA,NA,NA,NaN,NaN
36,Argyrosomus japonicus,Argyrosomus japonicus,181,NA,9.00E+05,"c(75, 25, 75, NA, NA, NA, NA, NA)",58.33333333,"c(NA, NA, 6, NA, NA, NA, NA, NA)",6,NA,5 months,external,dioecism,"c(""coastal"", NA)",0,NA,2.2,9.00E+05,2.2
37,Argyrosomus regius,Argyrosomus regius,230,NA,NA,80,80,NA,NaN,one clear seasonal peak per year,4.25 months,external,dioecism,"c(NA, NA, NA, ""coastal"")",0,NA,NA,NaN,NaN
38,Atractoscion aequidens,Atractoscion aequidens,130,NA,NA,"c(65, 51)",58,"c(NA, NA)",NaN,NA,NA,NA,NA,NA,NA,NA,2.1,NaN,2.1
39,Auxis rochei,Auxis rochei,50,NA,NA,"c(35, 36.5, NA, NA, NA)",35.75,"c(NA, NA, 2, NA, NA)",2,Variable throughout range,4.14 months,external,dioecism,"c(""coastal"", ""coastal"", NA, NA, NA, NA, NA)",-1,3,3.3,NaN,3.3
40,Boreogadus saida,Boreogadus saida,40,7,"c(30000, 9000, 9000, 5500, 30000, NA)","c(NA, NA, NA, NA)",NaN,"c(3, 2, 4, 2)",2.75,once in a lifetime,4.5 months,external,dioecism,"c(""coastal"", NA, ""coastal"", ""coastal"")",0,1,5,16700,5
41,Brevoortia gunteri,Brevoortia gunteri,30,NA,NA,NA,NaN,NA,NaN,NA,NA,external,dioecism,NA,0,3,NA,NaN,NaN
42,Brevoortia patronus,Brevoortia patronus,35,NA,"c(5000, NA, NA)","c(14.5, NA, NA)",14.5,"c(1, NA, NA)",1,one clear seasonal peak per year,5 months,external,dioecism,coastal,0,3,NA,5000,NaN
43,Brevoortia smithi,Brevoortia smithi,33,NA,NA,NA,NaN,NA,NaN,one clear seasonal peak per year,4.5 months,external,dioecism,NA,0,3,NA,NaN,NaN
44,Brevoortia tyrannus,Brevoortia tyrannus,50,NA,38000,"c(18, NA)",18,"c(1, NA)",1,two seasonal peaks per year,3 months,external,dioecism,"c(NA, NA, NA, ""shelf"")",0,3,2.4,38000,2.4
45,Carcharhinus albimarginatus,Carcharhinus albimarginatus,300,NA,"c(1, 1, 1)","c(160, 160, 190, 170, NA, 165, 170, 165, 195, 190)",173.8888889,"c(NA, NA, NA, NA, NA, NA, NA, NA, NA, NA)",NaN,NA,3 months,internal (oviduct),dioecism,"c(NA, ""shelf"", ""shelf"")",0,NA,NA,1,NaN
46,Carcharhinus amblyrhynchos,Carcharhinus amblyrhynchos,255,25,"c(1, 1, 2, 1, 3, 3)","c(122, 130, 130, NA, 122, NA, NA, 112, 120, 130, 130, 125, 96, 130, 137, NA, NA, NA, 85, NA, 120, NA, NA, NA)",120.6428571,"c(NA, NA, NA, NA, NA, NA, NA, NA, NA, NA, NA, NA, NA, NA, NA, NA, NA, NA, NA, NA, NA, NA, NA, NA)",NaN,NA,4 months,internal (oviduct),dioecism,"c(""oceanic"", NA, NA, NA, NA)",0,NA,NA,1.833333333,NaN
47,Carcharhinus isodon,Carcharhinus isodon,190,NA,1,"c(150, 140, NA, 115, NA, NA)",135,"c(NA, NA, NA, NA, NA, NA)",NaN,NA,NA,internal (oviduct),dioecism,NA,0,NA,NA,1,NaN
48,Carcharhinus leucas,Carcharhinus leucas,360,32,"c(1, 11)","c(180, 157, NA, 226, 210, NA, NA, NA, 180, 197, NA)",191.6666667,"c(NA, NA, 6, 18.2, 14, NA, NA, NA, NA, NA, NA)",12.73333333,Variable throughout range,2.3 months,internal (oviduct),dioecism,"c(NA, ""coastal"", NA)",0,NA,NA,6,NaN
49,Carcharhinus limbatus,Carcharhinus limbatus,275,12,"c(1, 4, 5, 1)","c(151, 146, NA, NA, 180, 160, NA, 120, 135, NA, 183, 165, NA, NA)",155,"c(NA, NA, 4, 3, NA, NA, 6, NA, NA, NA, NA, NA, NA, NA)",4.333333333,NA,3 months,internal (oviduct),dioecism,"c(NA, NA, NA)",0,NA,NA,2.75,NaN
50,Carcharhinus signatus,Carcharhinus signatus,280,NA,4,"c(150, 200, 185)",178.3333333,"c(NA, NA, NA)",NaN,NA,NA,internal (oviduct),dioecism,NA,0,NA,NA,4,NaN
51,Carcharhinus sorrah,Carcharhinus sorrah,160,8,"c(3, 1, 1)","c(NA, 90, 103, 110, NA)",101,"c(2, 2, NA, NA, NA)",2,one clear seasonal peak per year,2.5 months,internal (oviduct),dioecism,"c(NA, NA, NA, NA)",0,NA,NA,1.666666667,NaN
52,Carcharias taurus,Carcharias taurus,330,NA,2,"c(NA, 220, 190, 220)",210,"c(NA, 6, 4, NA)",5,NA,3 months,internal (oviduct),dioecism,NA,0,NA,NA,2,NaN
53,Carcharodon carcharias,Carcharodon carcharias,640,36,"c(10, 7)","c(450, 360, 454, 332, 379, 372)",391.1666667,"c(12, 12, NA, NA, NA, 8)",10.66666667,NA,NA,internal (oviduct),dioecism,NA,0,1,NA,8.5,NaN
54,Centroscymnus crepidater,Centroscymnus crepidater,130,54,4,"c(82, 64, NA, NA, NA)",73,"c(NA, NA, 9, NA, NA)",9,NA,NA,internal (oviduct),dioecism,NA,0,NA,NA,4,NaN
55,Cephalopholis fulva,Cephalopholis fulva,44,11,67000,"c(NA, NA, NA)",NaN,"c(NA, NA, NA)",NaN,one clear seasonal peak per year,4.8 months,external,protogyny,"c(NA, NA, ""coastal"", NA, NA)",0,1,NA,67000,NaN
56,Chaenocephalus aceratus,Chaenocephalus aceratus,72,NA,"c(7358, 6711, 5898, 3082, 4499, 9284, 9292, 7375)","c(NA, NA, NA, NA, NA, NA, NA, NA)",NaN,"c(NA, NA, NA, NA, NA, NA, NA, NA)",NaN,one clear seasonal peak per year,2 months,external,dioecism,"c(""shelf"", ""shelf"", ""shelf"")",0,3,11,6687.375,11
57,Chaetodon lunulatus,Chaetodon lunulatus,14,NA,NA,NA,NaN,NA,NaN,NA,NA,external,dioecism,NA,0,NA,NA,NaN,NaN
58,Chaetodon multicinctus,Chaetodon multicinctus,12,NA,NA,NA,NaN,NA,NaN,NA,NA,external,dioecism,NA,0,1,NA,NaN,NaN
59,Chaetodon tricinctus,Chaetodon tricinctus,15,NA,NA,NA,NaN,NA,NaN,NA,NA,external,dioecism,NA,0,1,NA,NaN,NaN
60,Chaetodon trifascialis,Chaetodon trifascialis,18,NA,NA,NA,NaN,NA,NaN,NA,NA,external,dioecism,NA,0,3,NA,NaN,NaN
61,Chaetodon trifasciatus,Chaetodon trifasciatus,15,NA,NA,12.5,12.5,NA,NaN,NA,NA,external,dioecism,NA,0,1,NA,NaN,NaN
62,Champsocephalus gunnari,Champsocephalus gunnari,66,NA,"c(4050, 8352, 3094, 2980, 1750, 2000, 1294, 2208, 1564, 1700, 5169, 3264, 3388, 5710)","c(26, 26.5, 21, 21)",23.625,"c(NA, NA, 4, 4)",4,one clear seasonal peak per year,2.5 months,external,dioecism,"c(""shelf"", ""oceanic"", NA, ""shelf"", ""shelf"")",0,3,12,3323.071429,12
63,Cheilinus undulatus,Cheilinus undulatus,229,32,NA,"c(111, 52, 59.5, NA, 35)",64.375,"c(NA, NA, NA, 5, NA)",5,NA,NA,external,protogyny,NA,-1,1,NA,NaN,NaN
64,Cheilodipterus artus,Cheilodipterus artus,18.7,NA,NA,NA,NaN,NA,NaN,NA,NA,external,dioecism,NA,0,NA,NA,NaN,NaN
65,Chionodraco rastrospinosus,Chionodraco rastrospinosus,52,NA,"c(2510, 1464)",NA,NaN,NA,NaN,NA,2 months,external,dioecism,shelf,0,NA,20,1987,20
66,Chromis margaritifer,Chromis margaritifer,9,NA,NA,NA,NaN,NA,NaN,NA,NA,external,dioecism,NA,0,1,NA,NaN,NaN
67,Chrysoblephus laticeps,Chrysoblephus laticeps,50,NA,NA,"c(NA, NA, NA)",NaN,"c(NA, NA, NA)",NaN,NA,4 months,external,protogyny,NA,0,3,NA,NaN,NaN
68,Chrysoblephus puniceus,Chrysoblephus puniceus,85,NA,NA,NA,NaN,NA,NaN,NA,5 months,external,protogyny,coastal,0,NA,NA,NaN,NaN
69,Clupea harengus,Clupea harengus,45,25,"c(20000, NA, NA, NA, NA, NA, NA, NA, NA, NA, NA, 52000, 17300, NA, NA, 10000, 8000, 20497, 18089, 15174, 14697, 28900, 12400, 28900, 12400, 10000, 8000, 13000, 12570, NA, NA, NA, NA, NA, NA, NA, NA, NA, 9200, 9500, 6900, NA, NA, 11838, 30200, NA, NA, NA, NA, NA)","c(NA, NA, NA, NA, NA, NA, NA, NA, NA, NA, NA, NA, NA, NA, NA, NA, NA, NA, NA, NA, NA, NA, NA, NA, NA, NA, NA, NA, NA, NA, NA, NA, NA, 16, 20, NA, NA, NA, NA, NA, NA, NA, NA, 13.2, 20, NA, NA, 22, NA, 24, 23, NA, NA, NA, NA, NA, NA, NA, NA, NA, NA, NA, NA, NA, NA, 24, NA, NA, NA, 28, NA, NA, NA, NA, NA, 24, NA, NA, NA, NA)",21.42,"c(NA, NA, NA, 2, NA, NA, 3, NA, NA, NA, NA, NA, NA, NA, NA, NA, NA, NA, NA, NA, NA, NA, NA, NA, NA, NA, NA, NA, NA, NA, NA, NA, NA, NA, NA, NA, NA, NA, NA, NA, NA, NA, 2, NA, NA, 2, NA, NA, NA, NA, NA, NA, NA, NA, NA, NA, NA, NA, NA, NA, NA, NA, NA, NA, NA, NA, NA, NA, NA, NA, 3, NA, NA, NA, 2, NA, 3, 3, NA, 3)",2.555555556,no obvious seasonal peak,3.5 months,external,dioecism,"c(""coastal"", ""coastal"", ""coastal"", NA, ""coastal"", ""coastal"", ""coastal"", ""coastal"", ""coastal"", ""coastal"", ""coastal"", ""coastal"", ""coastal"", ""coastal"", ""coastal"", ""coastal"", ""coastal"", ""coastal"", ""coastal"", ""coastal"", NA, ""coastal"", ""coastal"", ""coastal"", ""coastal"", ""coastal"", ""coastal"", ""coastal"", NA, NA, ""coastal"", ""estuarine"", ""coastal"", NA, NA, ""coastal"", ""coastal"", ""coastal"", ""estuarine"", ""coastal"", ""coastal"", ""coastal"", ""coastal"", ""coastal"", ""coastal"", ""coastal"", ""coastal"", ""coastal"", ""coastal"", 
""coastal"", ""coastal"", NA, ""coastal"", ""coastal"", NA, NA, NA, NA, ""coastal"", ""coastal"", ""coastal"")",0,3,"c(7.2, 5.5)",16798.40909,6.35
70,Clupea pallasii pallasii,Clupea pallasii pallasii,46,19,"c(NA, 6300, 6300, 9000, NA, NA, NA)","c(NA, 21, 28, 24, 12, NA, NA, NA, NA, NA, NA, NA, NA, NA, NA, NA, NA, NA)",21.25,"c(2, NA, NA, NA, NA, NA, 2, NA, NA, NA, NA, NA, NA, NA, NA, NA, NA, NA)",2,one clear seasonal peak per year,3.5 months,external,dioecism,"c(NA, ""coastal"", ""estuarine"", NA, NA, NA, NA, NA)",-1,1,5.6,7200,5.6
71,Coris bulbifrons,Coris bulbifrons,60,NA,NA,NA,NaN,NA,NaN,NA,NA,external,dioecism,NA,0,NA,NA,NaN,NaN
72,Coris julis,Coris julis,30,7,NA,NA,NaN,NA,NaN,NA,6 months,external,protogyny,NA,0,3,2.3,NaN,2.3
73,Coryphaena hippurus,Coryphaena hippurus,210,4,"c(NA, NA, NA, 350746)","c(35, 42.7, NA, NA, 52.8, 40, 45)",43.1,"c(0.5, 0.5, 0.33, 0.33, 0.33, NA, 0.42)",0.401666667,Variable throughout range,4.3 months,external,dioecism,"c(NA, NA, NA, NA, NA, NA, NA, ""shelf"", NA, NA, NA, NA, ""coastal"")",-1,3,3.95,350746,3.95
74,Coryphaenoides armatus,Coryphaenoides armatus,102,NA,NA,NA,NaN,NA,NaN,NA,NA,NA,NA,NA,NA,NA,NA,NaN,NaN
75,Coryphaenoides brevibarbis,Coryphaenoides brevibarbis,35,NA,NA,NA,NaN,NA,NaN,NA,NA,NA,NA,NA,NA,NA,NA,NaN,NaN
76,Coryphaenoides mediterraneus,Coryphaenoides mediterraneus,73,NA,NA,62,62,NA,NaN,NA,NA,NA,NA,NA,NA,NA,NA,NaN,NaN
77,Cromileptes altivelis,Cromileptes altivelis,70,NA,NA,39,39,NA,NaN,NA,NA,external,protogyny,NA,0,3,1.76,NaN,1.76
78,Ctenolabrus rupestris,Ctenolabrus rupestris,18,8,NA,NA,NaN,NA,NaN,NA,4.6 months,external,dioecism,"c(NA, NA, NA)",0,3,2.1,NaN,2.1
79,Cyclopterus lumpus,Cyclopterus lumpus,61,13,"c(194112, 1e+05)","c(NA, NA, NA, NA)",NaN,"c(5, 3, 3, 2)",3.25,NA,3 montths,external,dioecism,"c(""coastal"", ""coastal"")",0,1,5,147056,5
80,Cymatogaster aggregata,Cymatogaster aggregata,20.3,9,"c(NA, 3, NA)","c(NA, NA)",NaN,"c(0, NA)",0,one clear seasonal peak per year,4 months,internal (oviduct),dioecism,NA,0,1,34,3,34
81,Cynoglossus semilaevis,Cynoglossus semilaevis,61.1,NA,NA,NA,NaN,NA,NaN,NA,NA,external,dioecism,NA,0,1,NA,NaN,NaN
82,Cynoscion acoupa,Cynoscion acoupa,110,NA,NA,"c(53, NA, NA)",53,"c(NA, NA, NA)",NaN,NA,12 montths,NA,NA,"c(NA, ""coastal"", ""coastal"")",NA,NA,NA,NaN,NaN
83,Cynoscion arenarius,Cynoscion arenarius,63.5,5,NA,NA,NaN,NA,NaN,NA,NA,NA,NA,NA,NA,NA,NA,NaN,NaN
84,Cynoscion nebulosus,Cynoscion nebulosus,100,18,"c(NA, 102369, NA)","c(NA, NA, 21, 24.7)",22.85,"c(NA, NA, 1, NA)",1,NA,5 months,external,dioecism,"c(""coastal"", ""coastal"")",-1,3,NA,102369,NaN
85,Cynoscion nothus,Cynoscion nothus,36,1.2,NA,"c(NA, 14)",14,"c(NA, NA)",NaN,NA,5.5 months,external,dioecism,"c(""coastal"", ""coastal"")",0,1,NA,NaN,NaN
86,Dascyllus aruanus,Dascyllus aruanus,10,6,1500,NA,NaN,NA,NaN,NA,NA,external,protogyny,NA,0,1,NA,1500,NaN
87,Dascyllus strasburgi,Dascyllus strasburgi,9,NA,NA,NA,NaN,NA,NaN,NA,NA,external,dioecism,NA,0,1,NA,NaN,NaN
88,Dascyllus trimaculatus,Dascyllus trimaculatus,14,NA,20000,NA,NaN,NA,NaN,NA,NA,external,dioecism,NA,-1,1,NA,20000,NaN
89,Dentex dentex,Dentex dentex,100,NA,NA,"c(NA, NA)",NaN,"c(2, 2)",2,NA,3 months,external,dioecism,NA,0,3,3.8,NaN,3.8
90,Dicentrarchus labrax,Dicentrarchus labrax,103,30,231875,"c(NA, NA, 36, NA, 31, 32, 23, 17, 38.5, NA, 40, 31)",31.0625,"c(NA, NA, NA, NA, NA, NA, NA, NA, 3, 4, 5, 4)",4,one clear seasonal peak per year,4.2 months,external,dioecism,"c(NA, NA, NA, NA, ""oceanic"")",-1,1,3.83,231875,3.83
91,Diplodus hottentotus,Diplodus hottentotus,60,33,NA,"c(NA, NA)",NaN,"c(NA, NA)",NaN,NA,3 months,NA,NA,coastal,NA,NA,NA,NaN,NaN
92,Diplodus sargus,Diplodus sargus,45,10,"c(33660, 64650)","c(NA, 25, 20, NA, NA, NA, NA, NA)",22.5,"c(NA, 4, 3, NA, NA, NA, NA, NA)",3.5,one clear seasonal peak per year,5.1 months,external,protandry,"c(NA, NA, ""coastal"", ""coastal"", ""coastal"", ""coastal"", ""coastal"", ""coastal"", ""coastal"", ""coastal"")",0,3,2.9,49155,2.9
93,Diplodus vulgaris,Diplodus vulgaris,45,NA,NA,NA,NaN,NA,NaN,one clear seasonal peak per year,2 months,external,dioecism,"c(NA, NA, NA)",0,3,NA,NaN,NaN
94,Dipturus trachyderma,Dipturus trachyderma,264,NA,NA,NA,NaN,NA,NaN,NA,NA,internal (oviduct),dioecism,NA,0,3,NA,NaN,NaN
95,Dissostichus eleginoides,Dissostichus eleginoides,215,31,238314,38,38,6,6,one clear seasonal peak per year,2 months,external,dioecism,"c(""oceanic"", NA)",0,NA,14,238314,14
96,Electrona antarctica,Electrona antarctica,11.5,3.5,NA,"c(NA, NA)",NaN,"c(NA, 2)",2,NA,NA,NA,NA,NA,NA,NA,NA,NaN,NaN
97,Eleginops maclovinus,Eleginops maclovinus,90,NA,NA,NA,NaN,NA,NaN,NA,NA,external,protandry,NA,0,NA,NA,NaN,NaN
98,Elops saurus,Elops saurus,100,NA,NA,NA,NaN,NA,NaN,NA,5.3 months,external,dioecism,"c(""coastal"", ""coastal"", NA)",0,3,NA,NaN,NaN
99,Embiotoca jacksoni,Embiotoca jacksoni,39,10,31,NA,NaN,NA,NaN,NA,NA,internal (oviduct),dioecism,NA,0,1,NA,31,NaN
100,Engraulis australis,Engraulis australis,15,6,NA,6,6,1,1,Two seasonal peaks per year,7 months,external,dioecism,coastal,-1,1,2.9,NaN,2.9
101,Engraulis capensis,Engraulis capensis,17,NA,NA,NA,NaN,NA,NaN,NA,NA,external,dioecism,NA,-1,1,NA,NaN,NaN
102,Engraulis encrasicolus,Engraulis encrasicolus,20,5,"c(NA, NA, NA, NA, NA, NA, NA, NA, NA, NA, NA, NA, NA, NA, NA, NA, NA, NA, NA, 11710)","c(10, 11, 13, NA, NA, NA, NA, NA, 9, 8.2, 6.7, 5.5, NA, NA, NA, NA, 10, NA, NA, NA, NA, NA, NA, 10.41, 10.25, NA, NA, NA)",9.406,"c(NA, 1, 1, NA, NA, NA, NA, NA, NA, NA, NA, NA, NA, NA, NA, NA, NA, NA, NA, NA, NA, NA, NA, NA, NA, NA, NA, 1)",1,one clear seasonal peak per year,5 months,external,dioecism,"c(NA, NA, NA, ""shelf"", ""coastal"", ""estuarine"", ""shelf"", ""coastal"", NA, ""coastal"", NA, NA, NA, ""coastal"", NA, ""coastal"", NA, ""coastal"", ""estuarine"", ""estuarine"")",-1,1,3,11710,3
103,Engraulis eurystole,Engraulis eurystole,15.5,NA,NA,NA,NaN,NA,NaN,NA,2 months,external,dioecism,NA,-1,1,2,NaN,2
104,Engraulis japonicus,Engraulis japonicus,18,4,NA,"c(NA, 10, NA, NA)",10,"c(2, 1, NA, NA)",1.5,Variable throughout range,5.5 months,external,dioecism,"c(""coastal"", ""coastal"", ""coastal"", ""coastal"", NA, NA, ""coastal"", ""coastal"", ""coastal"")",-1,1,NA,NaN,NaN
105,Epinephelus akaara,Epinephelus akaara,58,NA,NA,"c(23, 30)",26.5,"c(NA, NA)",NaN,NA,3 months,external,protogyny,coastal,0,3,NA,NaN,NaN
106,Epinephelus awoara,Epinephelus awoara,60,NA,24329,"c(16, 34)",25,"c(NA, NA)",NaN,one clear seasonal peak per year,3 months,external,protogyny,coastal,-1,3,NA,24329,NaN
107,Epinephelus bleekeri,Epinephelus bleekeri,76,NA,156176,"c(42, NA)",42,"c(NA, NA)",NaN,NA,NA,external,protogyny,NA,0,3,NA,156176,NaN
108,Epinephelus bontoides,Epinephelus bontoides,30,NA,NA,NA,NaN,NA,NaN,NA,NA,external,protogyny,NA,0,3,NA,NaN,NaN
109,Epinephelus bruneus,Epinephelus bruneus,136,NA,NA,54,54,NA,NaN,NA,NA,external,protogyny,NA,0,3,NA,NaN,NaN
110,Epinephelus caninus,Epinephelus caninus,164,NA,NA,NA,NaN,NA,NaN,NA,NA,external,protogyny,NA,0,3,NA,NaN,NaN
111,Epinephelus coioides,Epinephelus coioides,120,22,43618,"c(49, 25, NA, NA, NA)",37,"c(NA, 2, NA, NA, NA)",2,one clear seasonal peak per year,3 months,external,protogyny,coastal,0,3,NA,43618,NaN
112,Epinephelus costae,Epinephelus costae,140,NA,NA,30,30,4,4,NA,NA,external,protogyny,NA,0,3,NA,NaN,NaN
113,Epinephelus fuscoguttatus,Epinephelus fuscoguttatus,120,40,NA,50,50,NA,NaN,NA,3 months,external,protogyny,NA,0,3,NA,NaN,NaN
114,Epinephelus guttatus,Epinephelus guttatus,76,22,"c(89600, 96000)","c(NA, NA)",NaN,"c(NA, NA)",NaN,one clear seasonal peak per year,3 months,external,protogyny,"c(""coastal"", NA, NA, NA, NA)",0,3,NA,92800,NaN
115,Epinephelus lanceolatus,Epinephelus lanceolatus,270,NA,NA,129,129,NA,NaN,NA,NA,external,protogyny,NA,0,3,NA,NaN,NaN
116,Epinephelus maculatus,Epinephelus maculatus,60.5,NA,NA,35,35,NA,NaN,NA,NA,external,protogyny,NA,0,3,NA,NaN,NaN
117,Epinephelus malabaricus,Epinephelus malabaricus,234,NA,51087,"c(114, NA, NA)",114,"c(NA, NA, NA)",NaN,NA,NA,external,protogyny,NA,0,3,2.18,51087,2.18
118,Epinephelus marginatus,Epinephelus marginatus,150,60,65424,"c(NA, 36.7, NA, NA, 45, 38.6, NA, NA, NA)",40.1,"c(5, NA, NA, NA, 5, 5, NA, NA, NA)",5,one clear seasonal peak per year,2.75 months,external,protogyny,"c(""shelf"", ""coastal"", ""coastal"", ""coastal"")",-1,3,NA,65424,NaN
119,Epinephelus merra,Epinephelus merra,32,NA,NA,"c(19, NA)",19,"c(NA, NA)",NaN,NA,4 months,external,protogyny,NA,0,3,NA,NaN,NaN
120,Epinephelus morio,Epinephelus morio,125,25,"c(1400000, 631400)","c(40, 35, 38.1, 38.5)",37.9,"c(4, NA, NA, NA)",4,one clear seasonal peak per year,3.25 months,external,protogyny,"c(NA, ""coastal"", ""coastal"", NA)",-1,3,NA,1015700,NaN
121,Epinephelus ongus,Epinephelus ongus,40,NA,NA,"c(19, 16)",17.5,"c(NA, 3)",3,NA,NA,external,protogyny,NA,0,3,NA,NaN,NaN
122,Epinephelus polyphekadion,Epinephelus polyphekadion,90,NA,NA,58,58,NA,NaN,NA,NA,external,protogyny,NA,0,3,1.65,NaN,1.65
123,Epinephelus striatus,Epinephelus striatus,122,29,NA,NA,NaN,NA,NaN,one clear seasonal peak per year,2.5 months,external,protogyny,"c(NA, ""shelf"", NA, NA, NA, NA, ""coastal"")",0,3,NA,NaN,NaN
124,Etmopterus molleri,Etmopterus molleri,46,NA,NA,NA,NaN,NA,NaN,NA,NA,internal (oviduct),dioecism,NA,0,NA,NA,NaN,NaN
125,Etmopterus spinax,Etmopterus spinax,60,NA,6,"c(33, NA)",33,"c(NA, NA)",NaN,NA,NA,internal (oviduct),dioecism,NA,0,1,NA,6,NaN
126,Eucyclogobius newberryi,Eucyclogobius newberryi,5.7,1,NA,2.7,2.7,NA,NaN,NA,NA,external,dioecism,NA,-1,1,NA,NaN,NaN
127,Forsterygion capito,Forsterygion capito,9.4,NA,NA,NA,NaN,NA,NaN,NA,NA,external,dioecism,NA,0,1,NA,NaN,NaN
128,Forsterygion lapillum,Forsterygion lapillum,6.69,3,NA,NA,NaN,NA,NaN,NA,NA,external,dioecism,NA,0,1,NA,NaN,NaN
129,Fundulus heteroclitus,Fundulus heteroclitus,15,4,NA,3.5,3.5,1,1,NA,3 months,external,dioecism,NA,0,1,7,NaN,7
130,Gadus chalcogrammus,Gadus chalcogrammus,91,28,"c(60000, 520000, NA, NA, NA, NA, NA, NA, NA, NA, NA, NA)","c(30, NA, NA, NA, NA, NA, NA, NA, NA, NA, NA, NA, NA)",30,"c(3, NA, NA, NA, 5, 3, NA, NA, NA, NA, NA, NA, NA)",3.666666667,one clear seasonal peak per year,4.2 months,external,dioecism,"c(NA, NA, NA, NA, NA)",0,1,NA,290000,NaN
131,Gadus macrocephalus,Gadus macrocephalus,119,25,"c(1e+06, 860000, 3e+06, 1500000, 1200000, NA, NA)","c(50, 50, 67, 40, 40, NA, 65, 60, 65, 60, 60, 55, 60, 55, 55, 50, NA, NA)",55.46666667,"c(3, 3, 5, 2, 2, NA, 5, 5, 5, 5, 5, 5, 5, 5, 4, 3, NA, 3)",4.0625,one clear seasonal peak per year,2.7 months,external,dioecism,"c(NA, NA, NA, NA, NA, NA, NA)",0,1,3.5,1512000,3.5
132,Gadus morhua,Gadus morhua,200,25,"c(2700000, 2500000, 5e+05, 5e+05, NA, NA, NA, 1576000, 2963683, 2732327, 285000, NA, NA, NA, 544000, 131209, 265600, 230000, 14000, 145300, 23171, 145500, 309900, NA, NA, NA, NA, NA, NA, NA, NA, NA, NA, NA)","c(NA, NA, NA, NA, NA, 52, 50, NA, NA, NA, NA, NA, NA, NA, NA, NA, NA, NA, 70, 70, 50, 70, 75, 38.5, 60, 42.5, NA, NA, NA, NA, NA, NA, NA, 51, 81, 71, 41, 51, 46, 31.4, 31, NA, NA, NA, NA, NA, NA, NA, NA, NA, NA, NA, NA, NA, NA, NA, NA, NA, NA, NA, NA, NA, NA, NA, 35, 20, 45, NA, NA, NA, NA, NA, NA, 50, 41, 34, NA, NA, NA, NA, NA, NA, NA, NA, NA, NA, NA, NA, NA, NA, NA, NA, NA, NA, NA, NA, NA, NA, NA, NA, NA, NA, 58.7, NA, NA, NA, NA, NA, 64, 48, NA)",51.0037037,"c(NA, 2, 4, NA, NA, 5, 5, 2.5, 7, 6, 6, 3, NA, NA, NA, NA, NA, NA, 6, 6, 3, 6, 7, 2.5, 3, 2.5, NA, NA, NA, NA, NA, 5, 3, NA, NA, NA, NA, NA, NA, 4, 4, 3, NA, NA, NA, NA, NA, NA, NA, NA, NA, NA, NA, NA, NA, NA, NA, NA, NA, NA, NA, NA, NA, NA, NA, NA, 3, 1, 2, NA, NA, 2, NA, 2, 2, 2, 2, 3, NA, NA, NA, NA, NA, NA, NA, NA, NA, NA, NA, NA, NA, NA, NA, NA, NA, NA, NA, NA, NA, NA, NA, NA, 5, NA, 3, 3, NA, NA, 3, 2, NA)",3.625,one clear seasonal peak per year,3.9 monts,external,dioecism,"c(NA, NA, NA, ""shelf"", NA, NA, ""coastal"", NA, ""coastal"", NA, NA, NA, NA, NA, NA, NA, NA, NA, ""shelf"", ""coastal"", ""coastal"", NA, NA, NA, NA, ""coastal"", NA, ""coastal"", ""coastal"", NA, ""coastal"")",-1,1,3.3,915628.8235,3.3
133,Galeorhinus galeus,Galeorhinus galeus,193,55,"c(6, 15, NA, NA)","c(NA, 130, NA, 120, NA, NA, 140, 130, 120, 120, 110, 130, NA, NA, NA, NA, NA, NA)",125,"c(11, NA, 8, NA, 10, 8, 12, NA, NA, NA, NA, 10, NA, NA, NA, NA, NA, NA)",9.833333333,one clear seasonal peak per year,2 months,internal (oviduct),dioecism,"c(NA, ""coastal"")",0,NA,NA,10.5,NaN
134,Genypterus capensis,Genypterus capensis,180,NA,NA,"c(60, 50, 50)",53.33333333,"c(NA, NA, 4)",4,NA,3 months,external,dioecism,NA,0,1,NA,NaN,NaN
135,Ginglymostoma cirratum,Ginglymostoma cirratum,430,25,21,"c(230, 225)",227.5,"c(NA, NA)",NaN,NA,NA,internal (oviduct),dioecism,NA,0,NA,NA,21,NaN
136,Girella laevifrons,Girella laevifrons,38.3,NA,NA,NA,NaN,NA,NaN,NA,NA,NA,NA,NA,NA,NA,NA,NaN,NaN
137,Girella punctata,Girella punctata,50,NA,NA,39,39,NA,NaN,NA,3.5 months,NA,NA,"c(NA, NA)",NA,NA,NA,NaN,NaN
138,Glaucosoma hebraicum,Glaucosoma hebraicum,122,NA,3.00E+05,"c(54, 58.5, 52, NA, NA)",54.83333333,"c(3, NA, NA, NA, NA)",3,one clear seasonal peak per year,5.5 months,external,dioecism,"c(""shelf"", NA)",-1,3,NA,3.00E+05,NaN
139,Gnatholepis anjerensis,Gnatholepis anjerensis,8.4,NA,NA,NA,NaN,NA,NaN,NA,NA,external,dioecism,NA,0,NA,NA,NaN,NaN
140,Gnatholepis cauerensis,Gnatholepis cauerensis,6,NA,NA,NA,NaN,NA,NaN,NA,NA,NA,NA,NA,NA,NA,NA,NaN,NaN
141,Gobionotothen gibberifrons,Gobionotothen gibberifrons,55,NA,"c(60610, 23570, 21699, 30000, 26349)","c(NA, NA, NA, NA, NA, NA, NA)",NaN,"c(NA, NA, NA, NA, NA, NA, NA)",NaN,one clear seasonal peak per year,2 months,external,dioecism,"c(""shelf"", ""shelf"", NA)",0,NA,8.5,32445.6,8.5
142,Gymnosarda unicolor,Gymnosarda unicolor,247.98,NA,NA,NA,NaN,NA,NaN,NA,3 months,external,dioecism,NA,0,3,NA,NaN,NaN
143,Gymnothorax chilospilus,Gymnothorax chilospilus,50.5,NA,NA,NA,NaN,NA,NaN,NA,NA,NA,NA,NA,NA,NA,NA,NaN,NaN
144,Haemulon flavolineatum,Haemulon flavolineatum,30,NA,NA,NA,NaN,NA,NaN,NA,NA,external,dioecism,NA,0,1,NA,NaN,NaN
145,Haemulon plumierii,Haemulon plumierii,53,NA,64000,"c(NA, 11, 12, NA, NA)",11.5,"c(NA, NA, NA, NA, NA)",NaN,NA,5.3 months,external,dioecism,"c(NA, NA, ""coastal"")",0,1,NA,64000,NaN
146,Hapalogenys nigripinnis,Hapalogenys nigripinnis,40,NA,NA,NA,NaN,NA,NaN,NA,NA,NA,NA,NA,NA,NA,NA,NaN,NaN
147,Helicolenus dactylopterus,Helicolenus dactylopterus,50,43,31767,"c(NA, NA)",NaN,"c(NA, 15)",15,one clear seasonal peak per year,3 months,internal (oviduct),dioecism,"c(NA, ""shelf"", ""shelf"", ""shelf"", ""coastal"", ""coastal"")",-1,1,2.44,31767,2.44
148,Hexanchus griseus,Hexanchus griseus,482,NA,22,"c(400, 315, NA, 325, 420, 315)",355,"c(NA, NA, NA, NA, NA, NA)",NaN,NA,NA,internal (oviduct),dioecism,shelf,0,1,NA,22,NaN
149,Hippocampus angustus,Hippocampus angustus,22,NA,NA,NA,NaN,NA,NaN,NA,NA,in brood pouch or similar structure,dioecism,NA,-1,1,NA,NaN,NaN
150,Hippocampus guttulatus,Hippocampus guttulatus,21.5,NA,581,"c(NA, NA, 10.8, NA)",10.8,"c(NA, NA, NA, NA)",NaN,one clear seasonal peak per year,7 months,in brood pouch or similar structure,dioecism,"c(""coastal"", ""coastal"")",-1,1,11.8,581,11.8
151,Hippocampus hippocampus,Hippocampus hippocampus,15,NA,865,NA,NaN,0.33,0.33,NA,7 months,in brood pouch or similar structure,dioecism,"c(""coastal"", NA)",-1,1,9.3,865,9.3
152,Hippoglossus hippoglossus,Hippoglossus hippoglossus,470,50,1300000,"c(NA, NA, NA, NA, NA, NA, 135, 110, 58)",101,"c(NA, NA, 10, 7, NA, NA, 7, 7, 5)",7.2,NA,3 months,external,dioecism,"c(NA, NA, NA, NA, NA)",-1,1,6.75,1300000,6.75
153,Hippoglossus stenolepis,Hippoglossus stenolepis,258,55,2250000,"c(NA, NA, 134, 125, NA)",129.5,"c(7, 5, 12.1, 10.9, NA)",8.75,NA,3 months,external,dioecism,NA,0,1,NA,2250000,NaN
154,Hoplostethus atlanticus,Hoplostethus atlanticus,75,149,"c(10000, 10000, 10000, 21620, 10670, 15700, 21780, 25550, 66000, 20352)","c(NA, 28, NA, 18, 31.6, 15.9, 26.5, 39, NA, 29, NA, NA, NA, NA)",26.85714286,"c(NA, 20, NA, 6, 11, 5, 9, NA, NA, NA, NA, NA, NA, NA)",10.2,one clear seasonal peak per year,2.1 months,external,dioecism,"c(""shelf"", ""shelf"", ""shelf"", NA, ""shelf"", ""shelf"", NA)",0,NA,NA,21167.2,NaN
155,Hypomesus transpacificus,Hypomesus transpacificus,12,1,18000,5.5,5.5,NA,NaN,one clear seasonal peak per year,4 months,external,dioecism,NA,0,3,NA,18000,NaN
156,Hypoplectrus nigricans,Hypoplectrus nigricans,15.24,NA,NA,NA,NaN,NA,NaN,NA,NA,external,true hermaphroditism,NA,0,3,NA,NaN,NaN
157,Hypoplectrus puella,Hypoplectrus puella,15.24,NA,NA,NA,NaN,NA,NaN,NA,NA,external,true hermaphroditism,NA,0,3,NA,NaN,NaN
158,Hyporthodus acanthistius,Hyporthodus acanthistius,100,NA,NA,NA,NaN,NA,NaN,NA,NA,external,protogyny,NA,0,3,NA,NaN,NaN
159,Hyporthodus septemfasciatus,Hyporthodus septemfasciatus,155,NA,NA,NA,NaN,NA,NaN,NA,NA,external,protogyny,NA,0,3,NA,NaN,NaN
160,Kajikia albida,Kajikia albida,300,NA,NA,"c(NA, 130)",130,"c(NA, NA)",NaN,NA,2 months,external,dioecism,"c(NA, ""shelf"")",0,3,NA,NaN,NaN
161,Kareius bicoloratus,Kareius bicoloratus,50,12,NA,NA,NaN,NA,NaN,NA,3.5 months,external,dioecism,"c(""coastal"", ""coastal"")",0,1,NA,NaN,NaN
162,Katsuwonus pelamis,Katsuwonus pelamis,110,12,"c(80000, NA, 1e+06, 61516, 205947)","c(NA, NA, 43.5, NA, 40, 40, NA, 40, 51)",42.9,"c(NA, NA, NA, NA, NA, 1, NA, NA, NA)",1,Variable throughout range,7.6 months,external,dioecism,"c(NA, NA, NA, NA, NA)",-1,3,NA,336865.75,NaN
163,Larimichthys crocea,Larimichthys crocea,80,NA,NA,17,17,NA,NaN,NA,6 months,NA,NA,NA,NA,NA,2.58,NaN,2.58
164,Larimichthys polyactis,Larimichthys polyactis,40,23,14729,"c(NA, NA, NA)",NaN,"c(NA, NA, NA)",NaN,NA,NA,NA,NA,NA,NA,NA,NA,14729,NaN
165,Lepadogaster lepadogaster,Lepadogaster lepadogaster,6.5,NA,NA,NA,NaN,NA,NaN,NA,NA,external,dioecism,NA,0,NA,5.1,NaN,5.1
166,Lepidonotothen squamifrons,Lepidonotothen squamifrons,55,19,"c(17590, 40760, 68000, 250000)","c(19, 34)",26.5,"c(7, 8)",7.5,one clear seasonal peak per year,2.75 months,external,dioecism,"c(""shelf"", NA, NA, NA)",0,3,7,94087.5,7
167,Lepidorhombus boscii,Lepidorhombus boscii,40,NA,119390,"c(NA, NA, NA, NA)",NaN,"c(NA, NA, NA, 1)",1,one clear seasonal peak per year,3.5 months,external,dioecism,"c(NA, NA)",0,3,NA,119390,NaN
168,Lepidorhombus whiffiagonis,Lepidorhombus whiffiagonis,60,16,"c(26522, 26522)","c(NA, NA, NA, NA, NA, NA, NA)",NaN,"c(NA, NA, NA, NA, NA, NA, 1)",1,one clear seasonal peak per year,3.6 months,external,dioecism,"c(NA, ""oceanic"", NA)",0,3,4,26522,4
169,Lethrinus harak,Lethrinus harak,50,15,NA,"c(NA, NA)",NaN,"c(NA, 1)",1,NA,10 months,external,protogyny,"c(""shelf"", ""coastal"")",0,NA,NA,NaN,NaN
170,Lethrinus laticaudis,Lethrinus laticaudis,56,NA,NA,NA,NaN,NA,NaN,NA,NA,external,protogyny,NA,0,3,NA,NaN,NaN
171,Lethrinus mahsena,Lethrinus mahsena,65,27,26700,"c(19, NA)",19,"c(3, NA)",3,"Throughout the year, but peaking once",2 months,external,protogyny,"c(""coastal"", NA)",0,3,NA,26700,NaN
172,Lethrinus miniatus,Lethrinus miniatus,90,22,NA,"c(31, 40, NA, NA, NA)",35.5,"c(2, NA, NA, 3, NA)",2.5,Variable throughout range,4.8 months,external,protogyny,"c(""coastal"", ""coastal"", ""coastal"", ""coastal"", ""coastal"")",0,3,NA,NaN,NaN
173,Lethrinus nebulosus,Lethrinus nebulosus,87,28,NA,"c(NA, NA, NA, NA, 32.5, 28, 40.8, 35.5, 46, 40, NA, NA)",37.13333333,"c(NA, NA, NA, NA, 4, NA, 7, 6, NA, NA, NA, NA)",5.666666667,"throughout the year, but peaking once",9.3 months,external,dioecism,"c(NA, NA, NA, NA, NA, NA)",0,3,1.86,NaN,1.86
174,Limanda limanda,Limanda limanda,40,12,"c(125000, 50000, 50000, 50000, 50000, 80500, 79000, 33000)","c(NA, NA, NA, NA, NA, NA, 20, 10, 21.6, NA, 12.5, 10.7, NA, NA, 14, 11, 18, 13, 11, NA, 13, NA, NA, NA, NA)",14.07272727,"c(NA, NA, NA, NA, NA, NA, 3, 2, 2.6, NA, 2, 2, NA, NA, NA, NA, NA, NA, NA, NA, NA, NA, NA, NA, 2)",2.266666667,NA,4.5 months,external,dioecism,"c(NA, NA, NA, NA)",-1,1,3.6,64687.5,3.6
175,Limanda punctatissima,Limanda punctatissima,40,NA,NA,"c(NA, NA, 22)",22,"c(NA, NA, NA)",NaN,NA,4 months,external,dioecism,coastal,0,1,NA,NaN,NaN
176,Lithognathus mormyrus,Lithognathus mormyrus,55,12,NA,"c(NA, NA, NA, 20.3, 18.4, 14.1)",17.6,"c(NA, NA, NA, NA, NA, 2)",2,one clear seasonal peak per year,4.3 months,external,protandry,"c(NA, ""shelf"", NA)",0,3,NA,NaN,NaN
177,Lophius budegassa,Lophius budegassa,100,21,"c(NA, 87569)","c(34, 53.6, 38.6, 44.7)",42.725,"c(4, 9, 7, 8)",7,NA,4 months,external,dioecism,NA,-1,1,NA,87569,NaN
178,Lophius piscatorius,Lophius piscatorius,200,24,1.00E+06,"c(40, 35, 50, NA, 93.9, 50.3)",53.84,"c(NA, NA, NA, NA, 14, 6)",10,NA,4.5 months,external,dioecism,"c(NA, NA, ""oceanic"", NA)",0,1,4.3,1.00E+06,4.3
179,Lutjanus analis,Lutjanus analis,94,29,NA,"c(40, 41, 38, NA, 31.2, 28, 29.5)",34.61666667,"c(NA, NA, NA, NA, NA, NA, NA)",NaN,NA,5.75 months,external,dioecism,"c(NA, NA, NA, ""coastal"")",-1,1,NA,NaN,NaN
180,Lutjanus argentimaculatus,Lutjanus argentimaculatus,150,31,NA,"c(55, NA, NA, NA)",55,"c(NA, NA, NA, NA)",NaN,NA,10.5 months,external,dioecism,"c(NA, ""coastal"")",-1,1,NA,NaN,NaN
181,Lutjanus campechanus,Lutjanus campechanus,100,57,"c(9300000, 11613)","c(NA, NA, 24.7, 23.8)",24.25,"c(NA, NA, NA, NA)",NaN,NA,9 months,external,dioecism,"c(NA, NA, ""coastal"", ""coastal"")",-1,1,NA,4655806.5,NaN
182,Lutjanus carponotatus,Lutjanus carponotatus,40,20,7074,"c(NA, NA)",NaN,"c(NA, NA)",NaN,NA,6 months,external,dioecism,coastal,-1,1,NA,7074,NaN
183,Lutjanus peru,Lutjanus peru,95,NA,NA,NA,NaN,NA,NaN,two seasonal peaks per year,2 months,external,dioecism,coastal,0,1,NA,NaN,NaN
184,Lutjanus russellii,Lutjanus russellii,50,NA,NA,29,29,NA,NaN,NA,5 months,external,dioecism,NA,-1,1,NA,NaN,NaN
185,Lutjanus synagris,Lutjanus synagris,60,10,NA,"c(NA, NA, NA, 20, 18, NA, 19, 18, 13, 15, 23.5, 21.4, 17, 15, NA, 15.7, NA, 15.5)",17.59166667,"c(NA, NA, NA, NA, NA, NA, NA, NA, NA, 1, 1, NA, NA, NA, NA, NA, NA, NA)",1,NA,8.5 months,external,dioecism,"c(NA, NA, ""coastal"", NA, NA, NA)",-1,1,NA,NaN,NaN
186,Macrourus berglax,Macrourus berglax,110,25,"c(25000, 15000, 14363, 8522, 17000)","c(NA, NA, NA, 66.7)",66.7,"c(NA, NA, NA, 14.8)",14.8,"throughout the year, but peaking once",6 months,external,dioecism,NA,-1,NA,NA,15977,NaN
187,Macruronus magellanicus,Macruronus magellanicus,115,NA,NA,"c(54.3, 56.6)",55.45,"c(NA, NA)",NaN,NA,3 months,NA,NA,NA,NA,NA,NA,NaN,NaN
188,Makaira nigricans,Makaira nigricans,500,NA,NA,"c(50, 80)",65,"c(NA, NA)",NaN,NA,3 months,external,dioecism,NA,0,3,NA,NaN,NaN
189,Mallotus villosus,Mallotus villosus,20,10,"c(11874, NA, 6000, NA, NA, NA, NA, NA, NA, 5477, 5800, 5250, 8976, 3745, 5477)","c(NA, NA, 15, NA, NA, NA, NA, NA, NA, 9, 15, NA, NA, NA)",13,"c(NA, NA, 2, NA, NA, NA, NA, NA, NA, NA, NA, NA, 2, 2)",2,once in a lifetime,2.6 months,external,dioecism,"c(""coastal"", ""coastal"", ""coastal"", NA, ""coastal"", ""coastal"", ""coastal"", ""coastal"", ""coastal"", ""coastal"", ""coastal"", ""coastal"", ""coastal"", ""coastal"", NA, NA, NA, NA, ""coastal"")",0,3,"c(NA, 6)",6574.875,6
190,Megalaspis cordyla,Megalaspis cordyla,80,NA,"c(212218, 146400, 315000)","c(NA, NA, NA, NA, NA)",NaN,"c(NA, NA, NA, NA, NA)",NaN,NA,NA,external,dioecism,NA,0,3,NA,224539.3333,NaN
191,Melanogrammus aeglefinus,Melanogrammus aeglefinus,112,20,"c(55000, 1e+05, 1e+05, 1e+05, 1e+05, NA, NA, NA, NA, NA, 170000, 324000, 59900, 19100, 41000, 44000, NA, NA)","c(NA, NA, NA, NA, NA, NA, 27, NA, NA, NA, NA, NA, NA, NA, NA, NA, NA, NA, NA, NA, NA, NA, NA, NA, NA, NA, NA, NA, NA, NA, NA, NA, NA, NA, NA, 27, NA, NA, NA)",27,"c(NA, 5, 3, 4, 2, NA, NA, NA, NA, NA, NA, NA, NA, NA, NA, NA, NA, 5, NA, NA, NA, 4, NA, NA, 2, NA, 2, 3, 2, 3, 3, 2, NA, NA, NA, NA, NA, 2, NA)",3,one clear seasonal peak per year,3.1 months,external,dioecism,"c(NA, NA, NA, ""oceanic"", NA, NA, NA, NA, NA, ""shelf"", ""shelf"", ""shelf"", ""shelf"", NA, ""coastal"")",-1,1,3.08,101181.8182,3.08
192,Menidia menidia,Menidia menidia,15,2,179,NA,NaN,NA,NaN,NA,3.8 months,external,dioecism,"c(""coastal"", NA, NA, NA, ""coastal"", NA)",-1,2,3.85,179,3.85
193,Merlangius merlangus,Merlangius merlangus,91.5,20,"c(109358, 2e+05, 83900, NA, NA, NA, NA, 212600, 450000)","c(NA, 28, NA, NA, NA, NA, NA, NA, NA, NA, NA, NA, NA, NA)",28,"c(3, NA, 2, 1, NA, NA, NA, NA, NA, NA, NA, 1, 1, NA)",1.6,Variable throughout range,7.6 months,external,dioecism,"c(NA, NA, NA, NA, ""coastal"")",-1,1,3.3,211171.6,3.3
194,Merluccius australis,Merluccius australis,155,30,NA,"c(65, 75, 70, NA, NA, NA, NA)",70,"c(NA, 6, 6, NA, 7, NA, 6)",6.25,NA,3 months,NA,NA,"c(""shelf"", NA)",NA,NA,NA,NaN,NaN
195,Merluccius bilinearis,Merluccius bilinearis,76,12,7.00E+05,"c(NA, NA, NA, NA, NA)",NaN,"c(3, NA, NA, NA, NA)",3,one clear seasonal peak per year,3.5 months,external,dioecism,"c(""shelf"", NA, NA, NA)",-1,3,2.6,7.00E+05,2.6
196,Merluccius hubbsi,Merluccius hubbsi,95,NA,"c(28620, NA)","c(34.2, NA, NA)",34.2,"c(6, NA, NA)",6,two seasonal peaks per year,7 months,external,dioecism,"c(""shelf"", ""coastal"", ""coastal"")",-1,3,NA,28620,NaN
197,Merluccius merluccius,Merluccius merluccius,140,20,"c(2e+06, 2e+06, NA, 10100, NA, NA, 18710, 17296, 25238, 10100, 10100, 44285, 271, 39962, NA, 2e+06, 2e+06, NA, 1038960, NA, NA, 52000, 94000, 46000)","c(NA, NA, 26, 20, 57, 36, 40, 26, NA, NA, 25, NA, NA, NA, NA, 38, 25, 40, NA, NA, 20, 19, 23, 22, 26, 20, NA, NA, 21.5, 23, 25, 38, 21, NA, NA, NA, NA, NA, NA, NA, 20, 25, 38, 16.8, NA, NA, NA, NA, NA, NA, 23.5, 17, 35.7, 28.9, 31, 26.5, NA, NA, NA, NA, NA, NA, NA, 50, 60, 55, 27, 35, 20, 54, NA, NA, NA, NA, NA, NA, NA, NA, NA, NA, 60, NA, NA, NA, 50, NA, 50, NA, NA, 47, NA, NA, NA, NA, NA, NA, NA, NA, NA, NA, NA, NA, NA, 36.5, NA, NA, NA, NA, NA, NA, NA, NA, NA, NA, NA, NA, NA, 40, NA)",32.69090909,"c(NA, NA, NA, NA, 7, NA, 5, NA, NA, NA, NA, NA, NA, NA, NA, 2, 2, 4, NA, NA, 2, 3, NA, NA, NA, NA, NA, NA, NA, NA, NA, NA, NA, NA, NA, NA, NA, NA, NA, NA, NA, NA, NA, NA, NA, NA, NA, NA, NA, NA, NA, NA, NA, NA, NA, NA, NA, NA, NA, NA, NA, NA, NA, 3, NA, NA, NA, 4, NA, NA, NA, NA, NA, NA, NA, NA, NA, NA, NA, NA, NA, NA, NA, 5.5, 8, NA, 6, NA, NA, NA, NA, NA, NA, NA, NA, NA, NA, NA, NA, NA, NA, NA, NA, NA, NA, NA, NA, NA, NA, NA, NA, NA, NA, NA, NA, NA, NA, NA, NA)",4.291666667,one clear seasonal peak per year,7.1 months,external,dioecism,"c(NA, NA, NA, NA, NA, NA, NA, NA, ""coastal"", NA, ""coastal"", NA, NA, NA, NA, NA, NA, NA, NA, NA, NA, NA, ""coastal"", ""coastal"", NA)",-1,3,3,553354.2353,3
198,Merluccius productus,Merluccius productus,91,16,"c(80000, 33000)","c(35, 34, NA, 37, 35)",35.25,"c(3, 3, NA, 3.8, NA)",3.266666667,NA,6 months,external,dioecism,"c(""oceanic"", NA)",0,NA,NA,56500,NaN
199,Microchirus azevia,Microchirus azevia,40,NA,NA,NA,NaN,NA,NaN,NA,NA,external,dioecism,NA,0,1,NA,NaN,NaN
200,Micromesistius poutassou,Micromesistius poutassou,55.5,20,"c(122000, 6000, 6000, 6000, NA)","c(NA, NA, NA, NA, NA, NA, NA, 22.5, NA, NA, NA, NA)",22.5,"c(NA, 3, NA, NA, NA, NA, NA, 5, NA, NA, 2, NA)",3.333333333,NA,2.4 months,external,dioecism,"c(""shelf"", ""shelf"", ""shelf"", NA, ""shelf"")",0,1,2.1,35000,2.1
201,Micropogonias furnieri,Micropogonias furnieri,60,7,"c(NA, 1800000)","c(NA, NA, NA, NA, NA, NA, 20, NA, 23.5)",21.75,"c(NA, NA, NA, 3, NA, NA, 2, NA, NA)",2.5,NA,7.2 months,external,dioecism,"c(NA, NA, ""estuarine"", ""coastal"", ""coastal"", ""coastal"", ""coastal"", ""coastal"", ""coastal"")",0,3,NA,1800000,NaN
202,Miichthys miiuy,Miichthys miiuy,70,NA,NA,NA,NaN,NA,NaN,NA,NA,external,dioecism,NA,0,NA,2.47,NaN,2.47
203,Molva molva,Molva molva,200,25,"c(2e+07, 6e+07)","c(90, 80, NA, NA, NA)",85,"c(5, NA, NA, NA, NA)",5,NA,5 months,external,dioecism,"c(NA, NA)",0,3,3.2,4.00E+07,3.2
204,Mulloidichthys flavolineatus,Mulloidichthys flavolineatus,43,NA,NA,"c(12.3, 11.2, NA, 15, 14)",13.125,"c(NA, NA, NA, NA, NA)",NaN,NA,6.5 months,external,dioecism,"c(NA, ""coastal"", ""coastal"")",0,NA,NA,NaN,NaN
205,Mullus barbatus barbatus,Mullus barbatus barbatus,33.2,NA,"c(12000, 11000, 1960, 13000, 7030, 11180)","c(NA, NA, NA, NA, NA, NA, NA, NA, NA, NA, NA, NA)",NaN,"c(NA, NA, NA, NA, NA, NA, NA, NA, NA, NA, NA, NA)",NaN,one clear seasonal peak per year,5 months,external,dioecism,NA,-1,NA,2,9361.666667,2
206,Mullus surmuletus,Mullus surmuletus,40,11,NA,"c(NA, NA, NA, NA, 22, 15, 13, 6.6, NA, NA, NA, NA, NA, NA, NA, NA, 10, NA, NA, NA, NA, NA, NA, NA, NA)",13.32,"c(NA, NA, NA, 2, 2, NA, NA, NA, NA, NA, NA, NA, NA, NA, NA, NA, 0, NA, NA, NA, NA, NA, NA, NA, NA)",1.333333333,one clear seasonal peak per year,3.2 months,external,dioecism,"c(NA, ""coastal"", ""coastal"", ""coastal"", ""coastal"", ""coastal"", ""coastal"", ""coastal"", NA, ""coastal"", NA, NA, NA, NA, NA, NA, NA, NA)",0,NA,2.83,NaN,2.83
207,Mustelus mustelus,Mustelus mustelus,200,24,4,"c(80, 70, NA, NA)",75,"c(NA, NA, 12, 6)",9,NA,NA,internal (oviduct),dioecism,NA,0,NA,NA,4,NaN
208,Mustelus palumbes,Mustelus palumbes,120,NA,3,NA,NaN,NA,NaN,NA,NA,internal (oviduct),dioecism,NA,0,1,NA,3,NaN
209,Mycteroperca microlepis,Mycteroperca microlepis,145,31,"c(10864, 170610)","c(50.8, 51.7, 57.7, 98.1, NA, 72.1, 46.8)",62.86666667,"c(NA, NA, 3, 8, 3, NA, NA)",4.666666667,one clear seasonal peak per year,4.25 months,external,protogyny,"c(""coastal"", ""coastal"", ""coastal"", ""coastal"")",-1,3,NA,90737,NaN
210,Mycteroperca phenax,Mycteroperca phenax,107,21,NA,NA,NaN,NA,NaN,NA,NA,external,protogyny,NA,0,3,NA,NaN,NaN
211,Mycteroperca rubra,Mycteroperca rubra,144,NA,NA,32,32,NA,NaN,NA,NA,external,protogyny,NA,0,3,NA,NaN,NaN
212,Naso unicornis,Naso unicornis,70,NA,NA,NA,NaN,NA,NaN,NA,NA,external,dioecism,NA,0,3,NA,NaN,NaN
213,Negaprion brevirostris,Negaprion brevirostris,340,25,4,"c(239, 224, NA, NA)",231.5,"c(NA, NA, NA, NA)",NaN,NA,5 months,internal (oviduct),dioecism,coastal,0,NA,NA,4,NaN
214,Nemadactylus macropterus,Nemadactylus macropterus,70,50,1.00E+05,"c(25, 25)",25,"c(3, 4)",3.5,NA,4 months,external,dioecism,coastal,-1,NA,2.9,1.00E+05,2.9
215,Neopomacentrus filamentosus,Neopomacentrus filamentosus,11,NA,NA,NA,NaN,NA,NaN,NA,NA,external,dioecism,NA,0,1,NA,NaN,NaN
216,Nibea albiflora,Nibea albiflora,43.5,4,NA,NA,NaN,NA,NaN,NA,4 months,NA,NA,NA,NA,NA,NA,NaN,NaN
217,Notothenia rossii,Notothenia rossii,92,16,"c(19271, 12200, 20137, 20100)","c(NA, NA, NA, NA)",NaN,"c(NA, NA, NA, NA)",NaN,one clear seasonal peak per year,2.3 months,external,dioecism,"c(NA, NA, ""oceanic"")",0,NA,15,17927,15
218,Nototheniops larseni,Nototheniops larseni,24,NA,"c(6200, 2046, 1851, 2000)","c(NA, NA)",NaN,"c(NA, NA)",NaN,one clear seasonal peak per year,3 months,external,dioecism,"c(""shelf"", ""shelf"", NA, NA)",0,3,8.5,3024.25,8.5
219,Oblada melanura,Oblada melanura,36.6,NA,NA,NA,NaN,2,2,one clear seasonal peak per year,2.6 months,external,protogyny,"c(NA, NA, NA)",0,3,2.7,NaN,2.7
220,Ocyurus chrysurus,Ocyurus chrysurus,86.3,14,NA,"c(25, 29, NA, 13, 17, NA, NA, NA, 14.7, 16)",19.11666667,"c(NA, NA, NA, NA, NA, NA, NA, NA, NA, NA)",NaN,NA,8 months,external,dioecism,"c(NA, NA, NA, NA)",-1,1,NA,NaN,NaN
221,Odontesthes argentinensis,Odontesthes argentinensis,42.1,NA,NA,"c(NA, NA)",NaN,"c(NA, NA)",NaN,NA,5 months,external,dioecism,NA,0,NA,NA,NaN,NaN
222,Ophiodon elongatus,Ophiodon elongatus,152,25,60000,"c(70, 46, NA, 61, NA)",59,"c(NA, NA, NA, 3, NA)",3,NA,4 months,external,dioecism,"c(NA, NA)",0,NA,NA,60000,NaN
223,Osmerus eperlanus,Osmerus eperlanus,45,10,"c(9000, 10000, 10000, 6500)","c(NA, NA, NA, NA, NA)",NaN,"c(NA, NA, 2, NA, 2)",2,one clear seasonal peak per year,2.4 months,external,dioecism,"c(NA, ""riverine"", ""estuarine"", ""riverine"", NA)",0,1,5.3,8875,5.3
224,Osmerus mordax,Osmerus mordax,35.6,7,8500,"c(NA, NA, NA, NA, NA, NA, NA, NA, NA, NA, NA)",NaN,"c(NA, NA, NA, NA, NA, NA, NA, NA, NA, 6, 2)",4,one clear seasonal peak per year,3 months,external,dioecism,"c(""riverine"", NA)",0,1,5,8500,5
225,Ostorhinchus doederleini,Ostorhinchus doederleini,14,NA,NA,NA,NaN,NA,NaN,NA,NA,external,dioecism,NA,0,NA,NA,NaN,NaN
226,Pagellus bogaraveo,Pagellus bogaraveo,70,15,"c(70000, 290000)","c(22, NA, NA, NA, NA, NA, NA, NA, NA)",22,"c(4, NA, NA, NA, NA, NA, NA, NA, NA)",4,NA,NA,external,protandry,"c(NA, NA, NA, NA, NA)",0,3,3.7,180000,3.7
227,Pagellus erythrinus,Pagellus erythrinus,60,NA,"c(31000, 22200, 11140)","c(NA, NA, NA, NA, NA, NA, NA, NA, NA, NA, 15, NA, 13, NA, NA, 13, 12, NA, NA, NA)",13.25,"c(NA, NA, NA, NA, 1, NA, NA, NA, NA, NA, NA, NA, 2.5, NA, NA, NA, NA, NA, NA, NA)",1.75,two seasonal peaks per year,NA,external,protogyny,"c(NA, NA, NA, NA, NA, NA, NA, NA, ""coastal"")",0,3,NA,21446.66667,NaN
228,Pagrus auratus,Pagrus auratus,130,54,"c(150000, NA)","c(NA, 27, 28, 20, 22)",24.25,"c(3, 4, NA, 3, NA)",3.333333333,one clear seasonal peak per year,NA,external,dioecism,"c(NA, NA, NA, ""coastal"", NA, NA, ""shelf"", NA, NA, NA)",-1,3,1.9,150000,1.9
229,Pagrus auriga,Pagrus auriga,80,NA,NA,NA,NaN,NA,NaN,NA,NA,external,protogyny,NA,0,3,NA,NaN,NaN
230,Pagrus major,Pagrus major,100,NA,NA,"c(54, NA, NA)",54,"c(NA, NA, NA)",NaN,NA,NA,external,dioecism,NA,0,NA,NA,NaN,NaN
231,Pagrus pagrus,Pagrus pagrus,91,NA,48660,"c(NA, NA, NA, NA, 21.3, 18.8, 30.4, NA)",23.5,"c(NA, NA, NA, NA, NA, 0.9, 2.5, NA)",1.7,NA,NA,external,protogyny,"c(NA, NA, NA, NA, ""coastal"")",0,3,2.5,48660,2.5
232,Pampus argenteus,Pampus argenteus,60,7,"c(44650, NA, NA, NA, NA)","c(18, NA, NA)",18,"c(NA, NA, NA)",NaN,NA,NA,external,dioecism,"c(NA, NA, ""coastal"", ""coastal"")",0,1,NA,44650,NaN
233,Pampus chinensis,Pampus chinensis,40,NA,NA,NA,NaN,NA,NaN,NA,NA,external,dioecism,NA,0,1,NA,NaN,NaN
234,Paracentropogon rubripinnis,Paracentropogon rubripinnis,9.3,NA,NA,NA,NaN,NA,NaN,NA,NA,NA,NA,NA,NA,NA,NA,NaN,NaN
235,Paralabrax albomaculatus,Paralabrax albomaculatus,50.8,NA,NA,NA,NaN,NA,NaN,NA,NA,external,dioecism,NA,0,NA,NA,NaN,NaN
236,Paralabrax nebulifer,Paralabrax nebulifer,67,31,4100000,NA,NaN,NA,NaN,NA,NA,external,NA,NA,-1,3,NA,4100000,NaN
237,Paralichthys olivaceus,Paralichthys olivaceus,103,NA,1.00E+07,"c(40, 30)",35,"c(3, 3)",3,NA,NA,external,dioecism,"c(""coastal"", ""coastal"")",0,3,NA,1.00E+07,NaN
238,Parapristipoma trilineatum,Parapristipoma trilineatum,40,NA,30083,"c(16, 15)",15.5,"c(NA, NA)",NaN,NA,NA,external,dioecism,NA,0,1,NA,30083,NaN
239,Planiliza affinis,Planiliza affinis,30,NA,NA,NA,NaN,NA,NaN,NA,NA,external,dioecism,NA,0,1,NA,NaN,NaN
240,Platichthys flesus,Platichthys flesus,60,15,"c(4e+05, 2e+06, 2e+06, 4e+05, NA, 248948, 341455, 210296, 322504, NA, 180000, 110000, NA)","c(NA, NA, NA, 30, 25, 20, 20, 25, NA, NA, 30, 25, NA, NA, NA, NA, NA, NA, NA, NA, NA, NA, 18, 15, 14, NA, NA, NA, NA, NA, NA)",22.2,"c(4, 3, 6, 3, 3, 2, 2, 2, 4, 3, NA, NA, NA, 3, 2, NA, NA, NA, NA, NA, NA, NA, NA, NA, NA, NA, 3, 2, 2, NA, NA)",2.933333333,one clear seasonal peak per year,NA,external,dioecism,"c(NA, NA, ""coastal"", NA, NA, ""shelf"", NA, NA, NA)",0,1,2.8,621320.3,2.8
241,Platichthys stellatus,Platichthys stellatus,91,24,NA,"c(35, 30)",32.5,"c(3, 2)",2.5,NA,NA,external,dioecism,"c(NA, NA, NA, NA)",0,1,2,NaN,2
242,Plectropomus areolatus,Plectropomus areolatus,80,NA,NA,"c(41, NA, 30, NA)",35.5,"c(NA, NA, NA, NA)",NaN,NA,NA,external,protogyny,NA,0,3,NA,NaN,NaN
243,Plectropomus leopardus,Plectropomus leopardus,120,26,457900,"c(NA, 21, 30, 21, NA, NA, 36, 42)",30,"c(NA, 2, 3, NA, 2, 3, NA, NA)",2.5,one clear seasonal peak per year,NA,external,protogyny,"c(""coastal"", ""coastal"", ""shelf"", ""shelf"")",-1,3,1.62,457900,1.62
244,Plectropomus maculatus,Plectropomus maculatus,125,NA,NA,"c(NA, NA, 54)",54,"c(2, 3, NA)",2.5,NA,NA,external,protogyny,"c(""coastal"", ""coastal"")",0,3,NA,NaN,NaN
245,Pleuragramma antarctica,Pleuragramma antarctica,25,20,"c(NA, 7500)","c(12.5, 13)",12.75,"c(NA, 3)",3,NA,NA,external,dioecism,"c(NA, ""shelf"", NA)",0,NA,9,7500,9
246,Pleurogrammus monopterygius,Pleurogrammus monopterygius,56.5,15,6689,"c(NA, NA, NA, 32)",32,"c(NA, 4, NA, NA)",4,one clear seasonal peak per year,NA,external,dioecism,NA,-1,1,NA,6689,NaN
247,Pleuronectes platessa,Pleuronectes platessa,100,50,"c(10000, 50000, NA, NA, NA, NA, NA, NA, 64000, NA, 23000, 139336, 158845, 133195, 120811, 82162, 255888, 84928, 212769, 139127, 158137, 84002, 250000, 308000, NA, NA, NA)","c(31, NA, NA, NA, NA, 30, 18, NA, 30, NA, NA, NA, NA, NA, NA, NA, NA, NA, NA, 38, NA, NA, NA, NA, NA, NA, NA, NA, NA, NA, 24, 33, 40, 32, NA, 24, 32, 15, 29, NA, NA, NA, NA)",28.92307692,"c(NA, NA, NA, NA, NA, 3, 2, 3, 3, 3, 2, NA, NA, NA, 2, NA, NA, NA, 2, NA, NA, NA, NA, NA, NA, NA, NA, NA, NA, NA, 4, 4, 6, 5, 4, 3, 5, 1, NA, NA, NA, NA, NA)",3.25,one clear seasonal peak per year,NA,external,dioecism,"c(NA, NA, NA, NA, NA, NA, ""shelf"", ""coastal"", ""coastal"", ""coastal"", ""coastal"", ""coastal"", ""coastal"", ""coastal"")",-1,1,6.7,133776.4706,6.7
248,Polyprion americanus,Polyprion americanus,210,NA,3.00E+06,"c(NA, NA)",NaN,"c(NA, NA)",NaN,NA,NA,external,dioecism,"c(NA, NA)",0,NA,3.7,3.00E+06,3.7
249,Polyprion oxygeneios,Polyprion oxygeneios,160,60,1500000,"c(NA, NA, NA, NA, NA)",NaN,"c(NA, NA, 10, NA, NA)",10,NA,NA,external,dioecism,"c(NA, ""coastal"")",0,NA,NA,1500000,NaN
250,Pomacentrus amboinensis,Pomacentrus amboinensis,9,NA,NA,NA,NaN,NA,NaN,NA,NA,external,dioecism,NA,0,1,NA,NaN,NaN
251,Pomacentrus coelestis,Pomacentrus coelestis,9,NA,NA,NA,NaN,NA,NaN,NA,NA,external,dioecism,NA,0,1,NA,NaN,NaN
252,Pomatomus saltatrix,Pomatomus saltatrix,130,9,"c(NA, NA, 114513)","c(NA, NA, 30, NA, NA, NA, NA)",30,"c(NA, NA, 2, NA, NA, NA, NA)",2,NA,NA,NA,dioecism,"c(""shelf"", NA, ""coastal"", ""shelf"", ""shelf"", NA, NA, ""coastal"")",-1,NA,2.15,114513,2.15
253,Pomatoschistus marmoratus,Pomatoschistus marmoratus,8,2,307,NA,NaN,1,1,variable throughout range,NA,external,dioecism,"c(""estuarine"", ""estuarine"", ""lacustrine"", ""riverine"", ""riverine"")",-1,NA,NA,307,NaN
254,Pomatoschistus minutus,Pomatoschistus minutus,11,2.7,"c(5231, 2383, 2556)","c(6, 2.5)",4.25,"c(0.7, NA)",0.7,one clear seasonal peak per year,NA,external,dioecism,"c(""estuarine"", ""estuarine"")",0,1,3,3390,3
255,Pristipomoides filamentosus,Pristipomoides filamentosus,100,44,NA,"c(35, NA, 36.6, 40)",37.2,"c(NA, NA, NA, NA)",NaN,NA,NA,external,dioecism,"c(NA, NA)",-1,1,NA,NaN,NaN
256,Pristipomoides zonatus,Pristipomoides zonatus,57.5,NA,NA,NA,NaN,NA,NaN,NA,NA,external,dioecism,NA,0,1,NA,NaN,NaN
257,Protonibea diacanthus,Protonibea diacanthus,150,8,NA,85,85,NA,NaN,NA,NA,external,dioecism,NA,0,NA,NA,NaN,NaN
258,Pseudopleuronectes americanus,Pseudopleuronectes americanus,64,14,NA,"c(NA, NA, NA, NA, NA, NA, NA)",NaN,"c(NA, NA, NA, NA, NA, NA, NA)",NaN,NA,NA,external,dioecism,"c(""coastal"", ""estuarine"", NA)",-1,1,3,NaN,3
259,Pseudopleuronectes herzensteini,Pseudopleuronectes herzensteini,50,15,NA,"c(22, 23, 18)",21,"c(NA, NA, NA)",NaN,NA,NA,external,dioecism,coastal,0,1,NA,NaN,NaN
260,Pseudopleuronectes yokohamae,Pseudopleuronectes yokohamae,45,NA,NA,NA,NaN,NA,NaN,NA,NA,external,dioecism,NA,0,1,NA,NaN,NaN
261,Pterapogon kauderni,Pterapogon kauderni,8.6,NA,"c(12, 20, NA)","c(NA, NA)",NaN,"c(NA, NA)",NaN,NA,NA,external,dioecism,coastal,0,1,5,16,5
262,Pterogobius elapoides,Pterogobius elapoides,8.3,NA,NA,NA,NaN,NA,NaN,NA,NA,NA,NA,NA,NA,NA,NA,NaN,NaN
263,Pterogobius zonoleucus,Pterogobius zonoleucus,6.7,NA,NA,NA,NaN,NA,NaN,NA,NA,NA,NA,NA,NA,NA,NA,NaN,NaN
264,Rachycentron canadum,Rachycentron canadum,200,15,1935000,"c(69.6, 42.6, 52, NA, NA)",54.73333333,"c(3, NA, 2, NA, NA)",2.5,one clear seasonal peak per year,NA,external,dioecism,"c(NA, ""coastal"", NA, NA)",-1,NA,NA,1935000,NaN
265,Raja clavata,Raja clavata,105,15,"c(52, NA, 27, 35, 68)","c(NA, NA, NA, NA, NA, NA, NA, NA, 47.5, 47, NA, NA, NA, NA, NA, NA, 47, 57, 56, 47)",50.25,"c(NA, NA, NA, NA, NA, NA, NA, NA, NA, NA, NA, NA, NA, NA, NA, NA, NA, NA, NA, NA)",NaN,NA,NA,internal (oviduct),dioecism,NA,0,3,NA,45.5,NaN
266,Rhincodon typus,Rhincodon typus,1700,80.4,"c(16, NA)","c(NA, 440, 903, 300, 760, NA)",600.75,"c(NA, NA, NA, NA, NA, NA)",NaN,NA,NA,internal (oviduct),dioecism,coastal,0,1,NA,16,NaN
267,Rhomboplites aurorubens,Rhomboplites aurorubens,60,10,NA,"c(19, 20, NA, 32, 31, 25.5, 14.7, 15.3)",22.5,"c(NA, NA, NA, NA, NA, 3, NA, NA)",3,NA,NA,external,dioecism,"c(NA, NA, ""coastal"")",-1,1,NA,NaN,NaN
268,Sarda sarda,Sarda sarda,91.4,5,NA,"c(40.5, 39.5, NA, NA, NA, NA)",40,"c(NA, NA, NA, NA, NA, NA)",NaN,Variable throughout range,NA,external,dioecism,"c(NA, NA, NA, NA, NA)",0,3,4.3,NaN,4.3
269,Sardina pilchardus,Sardina pilchardus,27.5,15,"c(NA, NA, NA, 33911, 2728, 33802, NA, NA, NA, NA, NA, NA, NA, NA, NA, NA)","c(13, 14, 11, NA, 14.5, NA, NA, NA, NA, NA, 13, NA, NA, NA, NA, 14.5, 14)",13.42857143,"c(NA, NA, NA, NA, NA, NA, NA, NA, NA, NA, NA, NA, NA, NA, NA, NA, NA)",NaN,Variable throughout range,NA,external,dioecism,"c(NA, NA, ""coastal"", NA, NA, NA, NA, NA, NA, NA, NA, NA, NA, NA, NA, NA, NA)",-1,3,3.5,23480.33333,3.5
270,Sardinella longiceps,Sardinella longiceps,23,3.4,"c(28973, 19028)","c(NA, NA, NA, NA, NA, NA, NA, NA, NA, NA)",NaN,"c(NA, NA, NA, NA, NA, NA, NA, NA, NA, NA)",NaN,one clear seasonal peak per year,NA,external,dioecism,"c(NA, ""coastal"", NA, ""coastal"")",0,3,NA,24000.5,NaN
271,Sardinops sagax,Sardinops sagax,39.5,25,"c(30000, 10000)","c(7, 24, NA, NA, 22, 18, NA, 24, NA, NA, 21, NA, 18)",19.14285714,"c(1, NA, 1, NA, NA, 1, NA, NA, NA, NA, NA, NA, NA)",1,Two seasonal peaks per year,NA,external,dioecism,"c(NA, NA, ""coastal"", ""coastal"", ""coastal"", ""coastal"", ""coastal"", ""coastal"", NA, NA, NA, ""coastal"")",-1,3,3.5,20000,3.5
272,Scartella cristata,Scartella cristata,12,NA,NA,NA,NaN,NA,NaN,NA,NA,external,dioecism,NA,0,NA,NA,NaN,NaN
273,Sciaenops ocellatus,Sciaenops ocellatus,155,50,3500000,"c(59.8, 55, 60, 71.1, 35, 40, 35.8)",50.95714286,"c(4, 3, 3, 4, NA, NA, NA)",3.5,NA,NA,external,dioecism,"c(""coastal"", NA)",-1,3,NA,3500000,NaN
274,Scomber australasicus,Scomber australasicus,44,NA,NA,NA,NaN,NA,NaN,NA,NA,NA,NA,NA,NA,NA,3.2,NaN,3.2
275,Scomber japonicus,Scomber japonicus,64,18,"c(86616, 195400, 441795, 101859)","c(NA, NA, NA, NA, 31.5, NA, NA, 29, NA)",30.25,"c(NA, 2, NA, NA, NA, NA, NA, NA, NA)",2,Variable throughout range,NA,external,dioecism,"c(NA, NA, NA, NA, NA, NA)",-1,3,2.7,206417.5,2.7
276,Scomber scombrus,Scomber scombrus,60,17,"c(NA, 2e+05, 2e+05, 211000, 285000, NA, NA, 130000, 88000, 255000, 140000, 208500, 243400, 155900, NA)","c(34, 32, 30, NA, NA, NA, NA, NA, NA, NA, NA, 30, 30, 24, NA, NA, NA)",30,"c(2, 2, NA, NA, NA, NA, NA, NA, NA, NA, NA, NA, 2, 1, NA, NA, NA)",1.75,one clear seasonal peak per year,NA,external,dioecism,"c(NA, NA, NA, NA, NA, ""coastal"", NA, NA, NA)",-1,1,2.46,192436.3636,2.46
277,Scomberomorus brasiliensis,Scomberomorus brasiliensis,125,NA,NA,"c(NA, NA, NA, NA, NA, NA, NA)",NaN,"c(3, NA, NA, NA, NA, NA, NA)",3,"Throughout the year, but peaking once",NA,external,dioecism,"c(NA, NA, NA, NA, NA)",0,3,NA,NaN,NaN
278,Scomberomorus commerson,Scomberomorus commerson,240,NA,"c(590000, 320000, 320000)","c(70, 65, 80, 55, 70.1, 72, NA, NA, 89.8, 70.6, NA, NA, NA)",71.5625,"c(NA, 2, 2, NA, 2, NA, NA, NA, 2, 1, NA, NA, NA)",1.8,Variable throughout range,NA,external,dioecism,"c(NA, NA, ""shelf"", NA, ""coastal"", NA, NA, NA, ""shelf"", ""shelf"", ""shelf"", NA, ""coastal"", NA, NA, NA, NA, ""coastal"", NA, NA)",0,3,NA,410000,NaN
279,Scomberomorus concolor,Scomberomorus concolor,77,NA,NA,NA,NaN,NA,NaN,NA,NA,external,dioecism,NA,0,3,NA,NaN,NaN
280,Scomberomorus niphonius,Scomberomorus niphonius,113.2,NA,550000,NA,NaN,NA,NaN,NA,NA,external,dioecism,NA,0,3,NA,550000,NaN
281,Scophthalmus maximus,Scophthalmus maximus,100,25.2,5.00E+06,"c(46, 41, 47, NA, NA, NA, NA, NA, NA, NA, NA, NA, NA)",44.66666667,"c(NA, NA, NA, NA, NA, NA, 3, NA, NA, NA, NA, NA, NA)",3,NA,NA,external,dioecism,"c(NA, ""coastal"")",-1,NA,2.5,5.00E+06,2.5
282,Scophthalmus rhombus,Scophthalmus rhombus,75,5.75,NA,"c(33, 33, NA, NA, 45, 33)",36,"c(NA, NA, NA, NA, 5, NA)",5,NA,NA,NA,NA,NA,NA,NA,3.9,NaN,3.9
283,Scorpaena porcus,Scorpaena porcus,40.5,NA,NA,"c(10, 8.5, 10.5, NA, NA, NA, NA, NA, NA, NA, NA, NA, NA)",9.666666667,"c(3, 2, NA, NA, NA, 1, 1, 1, 1, 1, 0, NA, NA)",1.25,NA,NA,NA,NA,"c(NA, ""coastal"", NA, NA, NA, NA, NA, NA)",NA,NA,1.72,NaN,1.72
284,Scyliorhinus canicula,Scyliorhinus canicula,100,12,"c(96, 23, 38, 105, 2, 26)","c(44, 39, 54, 54, 54, 54, NA, NA, 52, 49, 41, 43, NA, NA)",48.4,"c(NA, NA, NA, NA, NA, NA, NA, 3, NA, NA, NA, NA, NA, NA)",3,NA,NA,internal (oviduct),dioecism,"c(""coastal"", ""coastal"")",0,3,NA,48.33333333,NaN
285,Sebastes aleutianus,Sebastes aleutianus,97,205,NA,"c(NA, NA)",NaN,"c(NA, NA)",NaN,NA,NA,internal (oviduct),dioecism,NA,0,NA,NA,NaN,NaN
286,Sebastes alutus,Sebastes alutus,53,103,"c(31000, 40000)","c(26, NA, NA, NA, NA, NA, NA, NA, 34.2, 36.3, NA, NA, NA, 24.5, NA)",30.25,"c(7, NA, NA, NA, NA, NA, NA, NA, 9.3, 11.4, 8, NA, NA, 5, NA)",8.14,NA,NA,internal (oviduct),dioecism,"c(NA, ""coastal"", NA)",0,NA,NA,35500,NaN
287,Sebastes atrovirens,Sebastes atrovirens,42,20,NA,NA,NaN,NA,NaN,NA,NA,internal (oviduct),dioecism,NA,0,NA,4,NaN,4
288,Sebastes auriculatus,Sebastes auriculatus,56,34,678000,"c(26, 26, NA)",26,"c(3, 3, NA)",3,NA,NA,internal (oviduct),dioecism,"c(NA, NA)",0,NA,5.5,678000,5.5
289,Sebastes babcocki,Sebastes babcocki,64,106,NA,"c(34, 27, 42, 38, NA, NA)",35.25,"c(3, 3, NA, NA, NA, NA)",3,NA,NA,internal (oviduct),dioecism,NA,0,NA,NA,NaN,NaN
290,Sebastes borealis,Sebastes borealis,108,157,NA,"c(NA, NA)",NaN,"c(NA, NA)",NaN,NA,NA,internal (oviduct),dioecism,NA,0,NA,NA,NaN,NaN
291,Sebastes brevispinis,Sebastes brevispinis,71,82,NA,"c(NA, NA)",NaN,"c(NA, NA)",NaN,NA,NA,internal (oviduct),dioecism,NA,0,NA,NA,NaN,NaN
292,Sebastes carnatus,Sebastes carnatus,39,30,425000,"c(NA, NA)",NaN,"c(NA, NA)",NaN,NA,NA,internal (oviduct),dioecism,NA,0,NA,4.3,425000,4.3
293,Sebastes caurinus,Sebastes caurinus,58,57,20000,"c(31, 17, NA)",24,"c(5, 3, NA)",4,NA,NA,internal (oviduct),dioecism,NA,0,NA,5.3,20000,5.3
294,Sebastes chrysomelas,Sebastes chrysomelas,39,22,425000,"c(14, 14, NA)",14,"c(3, 3, NA)",3,NA,NA,internal (oviduct),dioecism,NA,0,NA,NA,425000,NaN
295,Sebastes crameri,Sebastes crameri,58,105,"c(19815, NA)","c(24, 25, NA, NA, NA, NA, NA)",24.5,"c(3, 3, NA, NA, NA, NA, NA)",3,one clear seasonal peak per year,NA,internal (oviduct),dioecism,"c(NA, ""coastal"")",0,NA,NA,19815,NaN
296,Sebastes entomelas,Sebastes entomelas,60,60,"c(NA, NA, 134)","c(29, 31, 32.4, NA, NA, NA)",30.8,"c(3, 3, 4, NA, NA, NA)",3.333333333,NA,NA,internal (oviduct),dioecism,"c(NA, NA)",0,NA,NA,134,NaN
297,Sebastes fasciatus,Sebastes fasciatus,30,NA,NA,"c(NA, NA)",NaN,"c(NA, NA)",NaN,NA,NA,internal (oviduct),dioecism,NA,0,NA,NA,NaN,NaN
298,Sebastes flavidus,Sebastes flavidus,66,64,"c(NA, 125000)","c(27, NA, 30, NA, 41, NA)",32.66666667,"c(4, NA, 4, NA, 11, NA)",6.333333333,one clear seasonal peak per year,NA,internal (oviduct),dioecism,NA,0,NA,NA,125000,NaN
299,Sebastes inermis,Sebastes inermis,35.9,NA,4000,15.8,15.8,NA,NaN,one clear seasonal peak per year,NA,internal (oviduct),dioecism,NA,0,NA,NA,4000,NaN
300,Sebastes macdonaldi,Sebastes macdonaldi,66,NA,NA,NA,NaN,NA,NaN,NA,NA,internal (oviduct),dioecism,NA,0,NA,4,NaN,4
301,Sebastes maliger,Sebastes maliger,61,90,NA,"c(NA, NA, NA, NA, NA)",NaN,"c(NA, NA, NA, NA, NA)",NaN,NA,NA,internal (oviduct),dioecism,NA,0,NA,NA,NaN,NaN
302,Sebastes melanops,Sebastes melanops,63,50,"c(NA, 443671)","c(39, 30, 40, 25, NA, NA)",33.5,"c(9, 5, 10, 3, NA, NA)",6.75,NA,NA,internal (oviduct),dioecism,"c(NA, NA, ""coastal"")",0,NA,4,443671,4
303,Sebastes mentella,Sebastes mentella,77.5,75,"c(1500, 47700, 17800, 13100, 4900, 47700, 10500, 11900)","c(NA, NA, NA, NA, NA, NA, NA, 26)",26,"c(NA, NA, NA, NA, NA, NA, NA, 11)",11,one clear seasonal peak per year,NA,internal (oviduct),dioecism,coastal,0,NA,NA,19387.5,NaN
304,Sebastes mystinus,Sebastes mystinus,61,44,524000,"c(NA, NA)",NaN,"c(4, 3)",3.5,NA,NA,internal (oviduct),dioecism,NA,0,NA,3.8,524000,3.8
305,Sebastes nigrocinctus,Sebastes nigrocinctus,61,116,NA,NA,NaN,NA,NaN,NA,NA,internal (oviduct),dioecism,NA,0,NA,NA,NaN,NaN
306,Sebastes norvegicus,Sebastes norvegicus,100,60,"c(44700, 26418, NA, 37000, 19049)","c(NA, NA, 30, 30, 30, 38, 21)",29.8,"c(NA, NA, 10, 10, 10, NA, NA)",10,one clear seasonal peak per year,NA,internal (oviduct),dioecism,NA,0,NA,6.7,31791.75,6.7
307,Sebastes paucispinis,Sebastes paucispinis,91,50,"c(20000, 417000)","c(36, 32, 35.6)",34.53333333,"c(3, 3, 3)",3,NA,NA,internal (oviduct),dioecism,"c(NA, NA)",0,NA,4,218500,4
308,Sebastes pinniger,Sebastes pinniger,76,84,"c(260000, 85000)","c(27, 28, 35.6, NA)",30.2,"c(4, 4, 5, NA)",4.333333333,NA,NA,internal (oviduct),dioecism,NA,0,NA,3.6,172500,3.6
309,Sebastes polyspinis,Sebastes polyspinis,41,57,89320,NA,NaN,NA,NaN,NA,NA,internal (oviduct),dioecism,NA,0,NA,NA,89320,NaN
310,Sebastes rastrelliger,Sebastes rastrelliger,56,23,760000,NA,NaN,NA,NaN,NA,NA,internal (oviduct),dioecism,NA,0,NA,4.3,760000,4.3
311,Sebastes ruberrimus,Sebastes ruberrimus,104,118,2700000,"c(36, 36, NA)",36,"c(6, 6, 12)",8,NA,NA,internal (oviduct),dioecism,"c(NA, NA)",0,NA,NA,2700000,NaN
312,Sebastes schlegelii,Sebastes schlegelii,65,20,44000,"c(26, 33.8)",29.9,"c(NA, NA)",NaN,NA,NA,internal (oviduct),dioecism,coastal,0,NA,NA,44000,NaN
313,Sebastes thompsoni,Sebastes thompsoni,30,NA,NA,NA,NaN,NA,NaN,NA,NA,internal (oviduct),dioecism,NA,0,NA,NA,NaN,NaN
314,Sebastes viviparus,Sebastes viviparus,66.5,40,"c(11800, NA, 23200, 29300, 9082, NA)",10,10,20,20,NA,NA,internal (oviduct),dioecism,NA,0,NA,5,18345.5,5
315,Sebastiscus marmoratus,Sebastiscus marmoratus,36.2,NA,NA,8,8,NA,NaN,one clear seasonal peak per year,NA,internal (oviduct),dioecism,"c(NA, NA)",-1,NA,NA,NaN,NaN
316,Semicossyphus darwini,Semicossyphus darwini,70,NA,NA,NA,NaN,NA,NaN,NA,NA,external,dioecism,NA,0,NA,NA,NaN,NaN
317,Semicossyphus pulcher,Semicossyphus pulcher,91,53,3.00E+05,NA,NaN,NA,NaN,NA,NA,external,protogyny,NA,0,3,NA,3.00E+05,NaN
318,Seriola dumerili,Seriola dumerili,190,15,NA,"c(80, 61, 75, NA)",72,"c(3, 2, 3, NA)",2.666666667,one clear seasonal peak per year,NA,external,dioecism,"c(NA, NA, NA)",-1,4,3.5,NaN,3.5
319,Seriola lalandi,Seriola lalandi,250,12,NA,50.6,50.6,2,2,NA,NA,external,dioecism,"c(NA, ""shelf"")",-1,4,NA,NaN,NaN
320,Seriola quinqueradiata,Seriola quinqueradiata,150,NA,NA,NA,NaN,NA,NaN,NA,NA,external,dioecism,NA,0,4,NA,NaN,NaN
321,Seriola rivoliana,Seriola rivoliana,160,NA,NA,NA,NaN,NA,NaN,NA,NA,external,dioecism,NA,0,4,NA,NaN,NaN
322,Serranus atricauda,Serranus atricauda,43.2,16,NA,NA,NaN,NA,NaN,NA,NA,NA,NA,NA,NA,NA,NA,NaN,NaN
323,Serranus cabrilla,Serranus cabrilla,40,NA,NA,"c(NA, 13.6, NA, 10, NA)",11.8,"c(NA, NA, NA, NA, NA)",NaN,one clear seasonal peak per year,NA,external,dioecism,"c(NA, NA, NA, NA, NA, NA, ""coastal"", NA, NA, NA, NA, NA, NA)",0,NA,2.12,NaN,2.12
324,Serranus hepatus,Serranus hepatus,25,NA,NA,NA,NaN,NA,NaN,NA,NA,external,true hermaphroditism,"c(NA, ""coastal"")",0,NA,NA,NaN,NaN
325,Serranus scriba,Serranus scriba,36,16,NA,16.3,16.3,NA,NaN,one clear seasonal peak per year,NA,external,dioecism,NA,0,NA,NA,NaN,NaN
326,Siganus fuscescens,Siganus fuscescens,40,NA,"c(3e+05, 286384)","c(NA, NA)",NaN,"c(NA, NA)",NaN,NA,NA,external,dioecism,"c(NA, ""coastal"")",-1,2,NA,293192,NaN
327,Siganus spinus,Siganus spinus,28,NA,NA,NA,NaN,NA,NaN,NA,NA,external,dioecism,NA,0,2,NA,NaN,NaN
328,Sillago japonica,Sillago japonica,30,NA,NA,NA,NaN,NA,NaN,NA,NA,external,dioecism,NA,0,3,NA,NaN,NaN
329,Sillago parvisquamis,Sillago parvisquamis,30,NA,NA,NA,NaN,NA,NaN,NA,NA,external,dioecism,coastal,0,3,NA,NaN,NaN
330,Siphamia tubifer,Siphamia tubifer,7,NA,NA,NA,NaN,NA,NaN,NA,NA,external,dioecism,NA,0,NA,NA,NaN,NaN
331,Solea senegalensis,Solea senegalensis,60,NA,NA,NA,NaN,NA,NaN,NA,NA,external,dioecism,NA,0,1,NA,NaN,NaN
332,Solea solea,Solea solea,70,26.4,"c(10000, 1e+05, 1e+05, 1e+05, NA, NA, NA, 70000)","c(NA, NA, NA, NA, 23, NA, NA, NA, 23, 26.5, NA, 30, NA, NA, 24, NA, NA, NA, NA, NA, 25, NA, NA)",25.25,"c(NA, NA, NA, NA, NA, NA, NA, NA, 3, 3, NA, 3, NA, NA, 2, NA, NA, NA, NA, NA, NA, NA, NA)",2.75,one clear seasonal peak per year,NA,external,dioecism,"c(NA, ""coastal"", NA, NA, NA, NA, NA, ""coastal"", ""coastal"")",-1,1,3.1,76000,3.1
333,Sparus aurata,Sparus aurata,70,11,NA,"c(33, 20, 27)",26.66666667,"c(2, 1, NA)",1.5,NA,NA,external,protandry,"c(""coastal"", NA, NA)",0,3,2.5,NaN,2.5
334,Sphyrna lewini,Sphyrna lewini,430,35,"c(NA, NA, NA, 40)","c(250, 180, 140, NA, NA, 185, 200, 140, NA, 220, 165, 240, NA, NA, NA, 140, 200, 128)",182.3333333,"c(15, 10, NA, NA, NA, NA, NA, NA, NA, NA, NA, NA, NA, NA, NA, 3, NA, NA)",9.333333333,NA,NA,internal (oviduct),dioecism,"c(NA, NA)",0,NA,NA,40,NaN
335,Spinachia spinachia,Spinachia spinachia,22,NA,NA,NA,NaN,NA,NaN,NA,NA,external,dioecism,coastal,0,1,7.1,NaN,7.1
336,Sprattus fuegensis,Sprattus fuegensis,18,NA,NA,NA,NaN,NA,NaN,NA,NA,external,dioecism,NA,0,NA,NA,NaN,NaN
337,Sprattus sprattus,Sprattus sprattus,16,6,"c(8848, 8700, 333, 426, 28193, 3825, 2939, 8700, 2000, 242800, 5000, 6000, 8000, 333)","c(NA, 11, 8, 10, NA, NA, NA, 8.8, NA, NA, NA, NA, NA, NA, NA, NA)",9.45,"c(NA, NA, NA, NA, NA, NA, NA, NA, NA, NA, 2, NA, 1, NA, NA, NA)",1.5,Variable throughout range,NA,external,dioecism,"c(""coastal"", NA, NA, NA, ""coastal"", ""coastal"")",-1,3,3,23292.64286,3
338,Squalus acanthias,Squalus acanthias,95,75,"c(1, 6, 7, 4, 5, 5, NA, 5)","c(70, 59, 59, 73, 76, 74, 71, NA, NA, NA, NA, NA, NA, NA, NA, NA, NA, NA, 69, 55, NA)",67.33333333,"c(10, 11, NA, 7, NA, 7, NA, NA, NA, NA, NA, NA, NA, NA, NA, NA, NA, NA, NA, NA, NA)",8.75,NA,NA,internal (oviduct),dioecism,NA,0,1,NA,4.714285714,NaN
339,Squalus blainville,Squalus blainville,100,NA,3,"c(60, 50, 57, 45, NA, NA)",53,"c(NA, NA, NA, NA, NA, NA)",NaN,"throughout the year, but peaking once",NA,internal (oviduct),dioecism,NA,0,1,NA,3,NaN
340,Stegastes partitus,Stegastes partitus,10,NA,NA,NA,NaN,NA,NaN,NA,NA,external,dioecism,NA,0,1,1.95,NaN,1.95
341,Stephanolepis cirrhifer,Stephanolepis cirrhifer,30,NA,NA,NA,NaN,NA,NaN,NA,NA,NA,NA,coastal,NA,NA,NA,NaN,NaN
342,Symphodus melops,Symphodus melops,28,9,NA,"c(7, 13, 15)",11.66666667,"c(2, 2, NA)",2,NA,NA,external,protogyny,"c(NA, NA, NA)",0,1,2.8,NaN,2.8
343,Symphodus ocellatus,Symphodus ocellatus,12,5,NA,"c(NA, NA)",NaN,"c(NA, 1)",1,one clear seasonal peak per year,NA,external,protogyny,"c(NA, NA)",0,1,3,NaN,3
344,Symphodus tinca,Symphodus tinca,44,15,NA,"c(NA, NA, 11.5, 10.8)",11.15,"c(NA, 2, NA, NA)",2,one clear seasonal peak per year,NA,external,protogyny,"c(""coastal"", NA, ""coastal"")",0,1,3,NaN,3
345,Syngnathus auliscus,Syngnathus auliscus,18,NA,NA,NA,NaN,NA,NaN,NA,NA,in brood pouch or similar structure,dioecism,NA,-1,1,NA,NaN,NaN
346,Syngnathus floridae,Syngnathus floridae,26,NA,NA,NA,NaN,NA,NaN,NA,NA,in brood pouch or similar structure,dioecism,NA,-1,1,NA,NaN,NaN
347,Syngnathus leptorhynchus,Syngnathus leptorhynchus,32.5,NA,NA,NA,NaN,NA,NaN,NA,NA,in brood pouch or similar structure,dioecism,"c(NA, NA)",-1,1,NA,NaN,NaN
348,Syngnathus scovelli,Syngnathus scovelli,18.3,3,143,"c(7.4, 6.6)",7,"c(NA, NA)",NaN,NA,NA,in brood pouch or similar structure,dioecism,NA,-1,1,NA,143,NaN
349,Syngnathus typhle,Syngnathus typhle,35,NA,100,NA,NaN,1,1,NA,NA,in brood pouch or similar structure,dioecism,coastal,-1,1,23,100,23
350,Thalassoma bifasciatum,Thalassoma bifasciatum,25,3,NA,NA,NaN,NA,NaN,NA,NA,external,protogyny,NA,0,NA,1.48,NaN,1.48
351,Thamnaconus modestus,Thamnaconus modestus,36,NA,NA,16,16,NA,NaN,NA,NA,NA,NA,coastal,NA,NA,NA,NaN,NaN
352,Thamnaconus septentrionalis,Thamnaconus septentrionalis,23,NA,NA,NA,NaN,NA,NaN,NA,NA,NA,NA,NA,NA,NA,NA,NaN,NaN
353,Thunnus alalunga,Thunnus alalunga,140,9,"c(2e+06, 2e+06, 170000, 260000)","c(94, 90, 94, 97, NA, 90, NA, NA, 85, 50, 95, NA, NA)",86.875,"c(NA, NA, 5, NA, 5, NA, NA, NA, NA, NA, 4, NA, NA)",4.666666667,NA,NA,external,dioecism,"c(""oceanic"", NA, NA, NA, ""oceanic"")",-1,3,2.5,1107500,2.5
354,Thunnus albacares,Thunnus albacares,239,9,"c(2e+05, 2e+06, 7136000, 398705, 2306062)","c(50, 101, 120, 120, NA, NA, 78)",93.8,"c(1, 2, 3.5, 5, NA, NA, NA)",2.875,"Throughout the year, but peaking once",NA,external,dioecism,"c(NA, ""coastal"", ""coastal"", ""coastal"", ""coastal"", NA, NA, NA, NA, NA, ""coastal"", NA, NA)",-1,3,NA,2408153.4,NaN
355,Thunnus atlanticus,Thunnus atlanticus,107.95,NA,NA,"c(NA, NA, NA, 50, NA, NA)",50,"c(NA, NA, NA, NA, NA, NA)",NaN,NA,NA,external,dioecism,"c(""oceanic"", ""oceanic"")",0,3,NA,NaN,NaN
356,Thunnus obesus,Thunnus obesus,250,11,"c(2900000, 8163715)","c(130, 100, NA, 100, 67, 91)",97.6,"c(NA, NA, NA, 3, NA, 3)",3,Variable throughout range,NA,external,dioecism,"c(NA, NA, NA, NA)",-1,3,NA,5531857.5,NaN
357,Thunnus orientalis,Thunnus orientalis,300,15,1.00E+07,NA,NaN,3,3,NA,NA,NA,NA,oceanic,NA,NA,NA,1.00E+07,NaN
358,Thunnus thynnus,Thunnus thynnus,458,32,"c(1e+07, 1170000, 34200000, 60300000)","c(NA, NA, 97, 105, 120, 200, NA)",130.5,"c(4, NA, NA, NA, 4, 8, NA)",5.333333333,variable throughout range,NA,external,dioecism,"c(NA, NA)",-1,1,3,26417500,3
359,Totoaba macdonaldi,Totoaba macdonaldi,200,24,NA,"c(NA, NA)",NaN,"c(NA, NA)",NaN,NA,NA,NA,NA,NA,NA,NA,NA,NaN,NaN
360,Trachinops caudimaculatus,Trachinops caudimaculatus,15,NA,NA,NA,NaN,NA,NaN,NA,NA,external,dioecism,NA,0,1,NA,NaN,NaN
361,Trachinotus carolinus,Trachinotus carolinus,64,NA,NA,"c(25, 23)",24,"c(NA, NA)",NaN,NA,NA,external,dioecism,NA,0,4,NA,NaN,NaN
362,Trachinotus falcatus,Trachinotus falcatus,122,23,NA,"c(47.6, 44.9)",46.25,"c(3, 3)",3,NA,NA,external,dioecism,"c(""coastal"", ""coastal"")",0,1,NA,NaN,NaN
363,Trachinotus goodei,Trachinotus goodei,50,NA,NA,NA,NaN,NA,NaN,NA,NA,external,dioecism,NA,0,4,NA,NaN,NaN
364,Trachurus japonicus,Trachurus japonicus,50,12,48500,18,18,NA,NaN,NA,NA,external,dioecism,NA,0,4,NA,48500,NaN
365,Trachurus murphyi,Trachurus murphyi,70,16,NA,"c(36, 39, 31)",35.33333333,"c(NA, NA, NA)",NaN,NA,NA,external,dioecism,NA,0,4,NA,NaN,NaN
366,Trachurus trachurus,Trachurus trachurus,70,NA,"c(NA, 77090, 76000, 50000, 168000, 12700, NA, NA, 344700, 19225, 247057, 260023, 4551, 168000)","c(NA, NA, NA, 21, NA, NA, 23, 22, NA, NA, NA, NA, 33, 18, 26, 20, NA, 25, 24, NA, NA, NA)",23.55555556,"c(NA, NA, NA, 2.5, NA, NA, 4, 3, NA, NA, NA, NA, 4, NA, NA, NA, NA, 3, 3.5, NA, NA, NA)",3.333333333,one clear seasonal peak per year,NA,external,dioecism,"c(NA, ""shelf"", NA, NA)",-1,4,2.2,129758.7273,2.2
367,Trematomus bernacchii,Trematomus bernacchii,28,10,"c(1500, 1200, 2166, 1154, NA)","c(17.5, 13)",15.25,"c(5, 3)",4,one clear seasonal peak per year,NA,external,dioecism,"c(NA, ""shelf"", NA, NA, NA, NA)",0,NA,NA,1505,NaN
368,Trematomus eulepidotus,Trematomus eulepidotus,34,NA,"c(1400, 6043, 5900, 2548)",18.5,18.5,NA,NaN,NA,NA,external,dioecism,shelf,0,NA,11,3972.75,11
369,Trematomus hansoni,Trematomus hansoni,41,NA,"c(9600, 9600, 7000, 8500, 5851)",NA,NaN,NA,NaN,one clear seasonal peak per year,NA,external,dioecism,"c(""shelf"", ""shelf"", NA, NA)",0,NA,12,8110.2,12
370,Trematomus newnesi,Trematomus newnesi,20,NA,2300,NA,NaN,NA,NaN,NA,NA,external,dioecism,NA,0,NA,9,2300,9
371,Trematomus scotti,Trematomus scotti,16,NA,NA,NA,NaN,NA,NaN,NA,NA,external,dioecism,"c(""shelf"", NA)",0,NA,8,NaN,8
372,Triakis megalopterus,Triakis megalopterus,142,NA,6,"c(140, NA)",140,"c(NA, NA)",NaN,NA,NA,internal (oviduct),dioecism,NA,0,NA,NA,6,NaN
373,Tripterygion delaisi,Tripterygion delaisi,8.9,NA,NA,NA,NaN,NA,NaN,NA,NA,external,dioecism,NA,0,1,NA,NaN,NaN
374,Urobatis halleri,Urobatis halleri,58,NA,NA,NA,NaN,NA,NaN,NA,NA,internal (oviduct),dioecism,NA,0,NA,NA,NaN,NaN
375,Urophycis tenuis,Urophycis tenuis,133,23,1.00E+06,"c(48, 40, NA, NA, NA, NA, NA, NA)",44,"c(NA, NA, NA, NA, NA, NA, NA, NA)",NaN,NA,NA,external,dioecism,"c(NA, NA)",0,3,NA,1.00E+06,NaN
376,Verasper moseri,Verasper moseri,70,NA,NA,NA,NaN,NA,NaN,NA,NA,external,dioecism,coastal,0,1,NA,NaN,NaN
377,Verasper variegatus,Verasper variegatus,60,NA,NA,NA,NaN,NA,NaN,NA,NA,external,dioecism,coastal,0,1,NA,NaN,NaN
378,Zearaja chilensis,Zearaja chilensis,210,NA,NA,"c(97, 98, 79, 76)",87.5,"c(10, 11, 7, 7)",8.75,NA,NA,internal (oviduct),dioecism,NA,0,3,NA,NaN,NaN
379,Zearaja maugeana,Zearaja maugeana,70.6,NA,NA,NA,NaN,NA,NaN,NA,NA,NA,NA,NA,NA,NA,NA,NaN,NaN
380,Zebrasoma flavescens,Zebrasoma flavescens,20,NA,1176224,NA,NaN,NA,NaN,"throughout the year, but peaking once",NA,external,dioecism,coastal,-1,3,NA,1176224,NaN
381,Zoarces viviparus,Zoarces viviparus,52,10,NA,16,16,2,2,NA,NA,internal (oviduct),dioecism,NA,0,NA,NA,NaN,NaN
382,Zosterisessor ophiocephalus,Zosterisessor ophiocephalus,29.9,5,"c(10000, 5000)",NA,NaN,2,2,one clear seasonal peak per year,NA,external,dioecism,"c(""estuarine"", NA, ""coastal"", ""coastal"")",-1,1,NA,7500,NaN