"","spp","fbsci","maxlength","mortalitywild","fecundity","numberofspawningcycles","reproductiveseasonlength","maturitylength","maturityage","parentalcare","reproductionmode","spawningground","batchspawner"
"1","Abudefduf saxatilis","Abudefduf saxatilis","22.9","NA","NA",NA,"NA","10.1","NA","1","dioecism","c(NA, ""coastal"")","0"
"2","Acanthochromis polyacanthus","Acanthochromis polyacanthus","14","NA","NA",NA,"NA","NA","NA","1","dioecism",NA,"0"
"3","Acanthopagrus australis","Acanthopagrus australis","66","14","3e+05","one clear seasonal peak per year","NA","c(24, NA, 21, 15)","c(4, 3, 4, NA)","NA","protandry","c(""estuarine"", NA)","0"
"4","Acanthopagrus berda","Acanthopagrus berda","90","14","NA",NA,"NA","20","NA","NA","protandry","c(""riverine"", ""riverine"")","0"
"5","Acanthopagrus latus","Acanthopagrus latus","40","NA","1811434",NA,"NA","c(NA, 24, NA)","c(3.5, NA, NA)","NA","protandry",NA,"0"
"6","Acanthopagrus schlegelii","Acanthopagrus schlegelii","50","NA","NA","one clear seasonal peak per year","NA","c(29, 10.1, NA)","c(NA, NA, NA)","3","protandry","c(""coastal"", ""coastal"", ""coastal"", NA, ""coastal"")","0"
"7","Acanthopagrus taiwanensis","Acanthopagrus taiwanensis","18.4","NA","NA",NA,"NA","NA","NA","NA",NA,NA,"NA"
"8","Acanthurus leucosternon","Acanthurus leucosternon","54","NA","NA",NA,"NA","NA","NA","1","dioecism",NA,"0"
"9","Acanthurus nigricans","Acanthurus nigricans","21.3","34","NA",NA,"NA","NA","NA","1","dioecism",NA,"0"
"10","Acanthurus triostegus","Acanthurus triostegus","27","NA","NA",NA,"NA","c(NA, NA)","c(1, NA)","1","dioecism","coastal","0"
"11","Aetobatus narinari","Aetobatus narinari","330","NA","1",NA,"NA","c(NA, 110, NA)","c(4, NA, NA)","NA","dioecism",NA,"0"
"12","Alosa alosa","Alosa alosa","69","10","c(NA, NA)","once in a lifetime","NA","c(NA, 45, 30, NA, NA, NA, NA, NA)","c(NA, NA, NA, 3, 2, 3, 4, 3)","1","dioecism","c(""riverine"", NA, ""riverine"", NA, ""riverine"")","0"
"13","Alosa fallax","Alosa fallax","60","25","c(NA, NA, NA)","one clear seasonal peak per year","NA","c(NA, NA, NA, NA, NA, NA, NA, NA, NA, NA, NA, NA, NA)","c(NA, NA, 2, 4, 3, 3, 2, 3, 4, 2, 3, 4, 3)","1","dioecism","c(""riverine"", ""riverine"", NA, NA)","-1"
"14","Alosa sapidissima","Alosa sapidissima","76","13","c(NA, NA, NA, 269000, 262000, NA, NA)","one clear seasonal peak per year","NA","c(38.3, 30.5, NA, NA)","c(2, 2, 5, 4)","1","dioecism","c(""riverine"", ""riverine"", ""riverine"", NA)","-1"
"15","Ammodytes personatus","Ammodytes personatus","15","NA","NA",NA,"NA","NA","NA","NA",NA,"c(NA, NA)","NA"
"16","Amphiprion akallopisos","Amphiprion akallopisos","11","NA","NA",NA,"NA","NA","NA","1","protandry",NA,"0"
"17","Amphiprion clarkii","Amphiprion clarkii","15","11","1000",NA,"NA","NA","NA","1","protandry",NA,"0"
"18","Amphiprion frenatus","Amphiprion frenatus","14","NA","NA",NA,"NA","NA","NA","1","protandry",NA,"0"
"19","Amphiprion latezonatus","Amphiprion latezonatus","14","NA","NA",NA,"NA","NA","NA","1","protandry",NA,"0"
"20","Amphiprion mccullochi","Amphiprion mccullochi","12","NA","NA",NA,"NA","NA","NA","1","protandry",NA,"0"
"21","Amphiprion melanopus","Amphiprion melanopus","12","5","7200",NA,"NA","4.5","1.67","1","protandry","coastal","0"
"22","Amphiprion ocellaris","Amphiprion ocellaris","11","NA","c(NA, NA)",NA,"NA","NA","NA","1","protandry",NA,"0"
"23","Amphiprion percula","Amphiprion percula","11","NA","NA","no obvious seasonal peak","NA","c(4.6, 3.6)","c(NA, NA)","1","protandry",NA,"0"
"24","Amphiprion perideraion","Amphiprion perideraion","10","NA","NA","No obvious seasonal peak","NA","c(5.6, 4.7)","c(1.75, 1.75)","1","protandry",NA,"-1"
"25","Amphiprion polymnus","Amphiprion polymnus","13","NA","NA",NA,"NA","NA","NA","1","protandry",NA,"0"
"26","Anarhichas lupus","Anarhichas lupus","150","NA","c(NA, NA)","one clear seasonal peak per year","NA","50","6","1","dioecism","c(NA, NA)","0"
"27","Anoplopoma fimbria","Anoplopoma fimbria","120","94","c(NA, NA, NA)",NA,"NA","c(NA, NA, 58, NA, 60, NA, NA)","c(NA, NA, NA, NA, 5, NA, NA)","3","dioecism","c(NA, ""coastal"", ""oceanic"", ""shelf"")","0"
"28","Antimora rostrata","Antimora rostrata","75","NA","NA",NA,"NA","c(51.2, 41, 41, 40, 40, 40)","c(NA, NA, NA, NA, NA, NA)","NA",NA,NA,"NA"
"29","Aphanius fasciatus","Aphanius fasciatus","6","NA","NA",NA,"NA","NA","0.6","1","dioecism","c(NA, NA, NA)","0"
"30","Aphanopus carbo","Aphanopus carbo","151","NA","NA","one clear seasonal peak per year","NA","c(80, NA, NA, NA, NA, NA)","c(NA, NA, 3, 3, NA, NA)","3","dioecism","c(NA, ""shelf"", NA)","0"
"31","Aphanopus intermedius","Aphanopus intermedius","148","NA","NA","one clear seasonal peak per year","NA","NA","NA","3","dioecism",NA,"0"
"32","Aphia minuta","Aphia minuta","7.9","1","935","two seasonal peaks per year","NA","c(NA, 2.8, 2.5)","c(NA, 0.42, 0.42)","NA","dioecism","c(NA, NA, ""coastal"", ""coastal"", ""coastal"", ""coastal"", ""coastal"", ""coastal"", ""coastal"")","0"
"33","Apogon imberbis","Apogon imberbis","15","NA","NA","one clear seasonal peak per year","NA","c(NA, NA)","c(NA, NA)","1","dioecism","c(NA, ""coastal"")","0"
"34","Argyrosomus coronus","Argyrosomus coronus","200","NA","NA",NA,"NA","NA","NA","NA",NA,NA,"NA"
"35","Argyrosomus inodorus","Argyrosomus inodorus","145","NA","NA",NA,"NA","c(NA, NA, NA, NA, NA, NA, NA, NA)","c(NA, NA, NA, NA, NA, NA, NA, NA)","NA",NA,"c(NA, NA, NA)","NA"
"36","Argyrosomus japonicus","Argyrosomus japonicus","181","NA","9e+05",NA,"NA","c(75, 25, 75, NA, NA, NA, NA, NA)","c(NA, NA, 6, NA, NA, NA, NA, NA)","NA","dioecism","c(""coastal"", NA)","0"
"37","Argyrosomus regius","Argyrosomus regius","230","NA","NA","one clear seasonal peak per year","NA","80","NA","NA","dioecism","c(NA, NA, NA, ""coastal"")","0"
"38","Atractoscion aequidens","Atractoscion aequidens","130","NA","NA",NA,"NA","c(65, 51)","c(NA, NA)","NA",NA,NA,"NA"
"39","Auxis rochei","Auxis rochei","50","NA","NA","Variable throughout range","NA","c(35, 36.5, NA, NA, NA)","c(NA, NA, 2, NA, NA)","3","dioecism","c(""coastal"", ""coastal"", NA, NA, NA, NA, NA)","-1"
"40","Boreogadus saida","Boreogadus saida","40","7","c(NA, NA, NA, NA, NA, NA)","once in a lifetime","NA","c(NA, NA, NA, NA)","c(3, 2, 4, 2)","1","dioecism","c(""coastal"", NA, ""coastal"", ""coastal"")","0"
"41","Brevoortia gunteri","Brevoortia gunteri","30","NA","NA",NA,"NA","NA","NA","3","dioecism",NA,"0"
"42","Brevoortia patronus","Brevoortia patronus","35","NA","c(NA, NA, NA)","one clear seasonal peak per year","NA","c(14.5, NA, NA)","c(1, NA, NA)","3","dioecism","coastal","0"
"43","Brevoortia smithi","Brevoortia smithi","33","NA","NA","one clear seasonal peak per year","NA","NA","NA","3","dioecism",NA,"0"
"44","Brevoortia tyrannus","Brevoortia tyrannus","50","NA","38000","two seasonal peaks per year","NA","c(18, NA)","c(1, NA)","3","dioecism","c(NA, NA, NA, ""shelf"")","0"
"45","Carcharhinus albimarginatus","Carcharhinus albimarginatus","300","NA","c(NA, NA, NA)",NA,"NA","c(160, 160, 190, 170, NA, 165, 170, 165, 195, 190)","c(NA, NA, NA, NA, NA, NA, NA, NA, NA, NA)","NA","dioecism","c(NA, ""shelf"", ""shelf"")","0"
"46","Carcharhinus amblyrhynchos","Carcharhinus amblyrhynchos","255","25","c(NA, NA, NA, NA, NA, NA)",NA,"NA","c(122, 130, 130, NA, 122, NA, NA, 112, 120, 130, 130, 125, 96, 130, 137, NA, NA, NA, 85, NA, 120, NA, NA, NA)","c(NA, NA, NA, NA, NA, NA, NA, NA, NA, NA, NA, NA, NA, NA, NA, NA, NA, NA, NA, NA, NA, NA, NA, NA)","NA","dioecism","c(""oceanic"", NA, NA, NA, NA)","0"
"47","Carcharhinus isodon","Carcharhinus isodon","190","NA","1",NA,"NA","c(150, 140, NA, 115, NA, NA)","c(NA, NA, NA, NA, NA, NA)","NA","dioecism",NA,"0"
"48","Carcharhinus leucas","Carcharhinus leucas","360","32","c(NA, NA)","Variable throughout range","NA","c(180, 157, NA, 226, 210, NA, NA, NA, 180, 197, NA)","c(NA, NA, 6, 18.2, 14, NA, NA, NA, NA, NA, NA)","NA","dioecism","c(NA, ""coastal"", NA)","0"
"49","Carcharhinus limbatus","Carcharhinus limbatus","275","12","c(NA, NA, NA, NA)",NA,"NA","c(151, 146, NA, NA, 180, 160, NA, 120, 135, NA, 183, 165, NA, NA)","c(NA, NA, 4, 3, NA, NA, 6, NA, NA, NA, NA, NA, NA, NA)","NA","dioecism","c(NA, NA, NA)","0"
"50","Carcharhinus signatus","Carcharhinus signatus","280","NA","4",NA,"NA","c(150, 200, 185)","c(NA, NA, NA)","NA","dioecism",NA,"0"
"51","Carcharhinus sorrah","Carcharhinus sorrah","160","8","c(NA, NA, NA)","one clear seasonal peak per year","NA","c(NA, 90, 103, 110, NA)","c(2, 2, NA, NA, NA)","NA","dioecism","c(NA, NA, NA, NA)","0"
"52","Carcharias taurus","Carcharias taurus","330","NA","2",NA,"NA","c(NA, 220, 190, 220)","c(NA, 6, 4, NA)","NA","dioecism",NA,"0"
"53","Carcharodon carcharias","Carcharodon carcharias","640","36","c(NA, NA)",NA,"NA","c(450, 360, 454, 332, 379, 372)","c(12, 12, NA, NA, NA, 8)","1","dioecism",NA,"0"
"54","Centroscymnus crepidater","Centroscymnus crepidater","130","54","4",NA,"NA","c(82, 64, NA, NA, NA)","c(NA, NA, 9, NA, NA)","NA","dioecism",NA,"0"
"55","Cephalopholis fulva","Cephalopholis fulva","44","11","67000","one clear seasonal peak per year","NA","c(NA, NA, NA)","c(NA, NA, NA)","1","protogyny","c(NA, NA, ""coastal"", NA, NA)","0"
"56","Chaenocephalus aceratus","Chaenocephalus aceratus","72","NA","c(NA, NA, NA, NA, NA, NA, NA, NA)","one clear seasonal peak per year","NA","c(NA, NA, NA, NA, NA, NA, NA, NA)","c(NA, NA, NA, NA, NA, NA, NA, NA)","3","dioecism","c(""shelf"", ""shelf"", ""shelf"")","0"
"57","Chaetodon lunulatus","Chaetodon lunulatus","14","NA","NA",NA,"NA","NA","NA","NA","dioecism",NA,"0"
"58","Chaetodon multicinctus","Chaetodon multicinctus","12","NA","NA",NA,"NA","NA","NA","1","dioecism",NA,"0"
"59","Chaetodon tricinctus","Chaetodon tricinctus","15","NA","NA",NA,"NA","NA","NA","1","dioecism",NA,"0"
"60","Chaetodon trifascialis","Chaetodon trifascialis","18","NA","NA",NA,"NA","NA","NA","3","dioecism",NA,"0"
"61","Chaetodon trifasciatus","Chaetodon trifasciatus","15","NA","NA",NA,"NA","12.5","NA","1","dioecism",NA,"0"
"62","Champsocephalus gunnari","Champsocephalus gunnari","66","NA","c(NA, NA, NA, NA, NA, NA, NA, NA, NA, NA, NA, NA, NA, NA)","one clear seasonal peak per year","NA","c(26, 26.5, 21, 21)","c(NA, NA, 4, 4)","3","dioecism","c(""shelf"", ""oceanic"", NA, ""shelf"", ""shelf"")","0"
"63","Cheilinus undulatus","Cheilinus undulatus","229","32","NA",NA,"NA","c(111, 52, 59.5, NA, 35)","c(NA, NA, NA, 5, NA)","1","protogyny",NA,"-1"
"64","Cheilodipterus artus","Cheilodipterus artus","18.7","NA","NA",NA,"NA","NA","NA","NA","dioecism",NA,"0"
"65","Chionodraco rastrospinosus","Chionodraco rastrospinosus","52","NA","c(NA, NA)",NA,"NA","NA","NA","NA","dioecism","shelf","0"
"66","Chromis margaritifer","Chromis margaritifer","9","NA","NA",NA,"NA","NA","NA","1","dioecism",NA,"0"
"67","Chrysoblephus laticeps","Chrysoblephus laticeps","50","NA","NA",NA,"NA","c(NA, NA, NA)","c(NA, NA, NA)","3","protogyny",NA,"0"
"68","Chrysoblephus puniceus","Chrysoblephus puniceus","85","NA","NA",NA,"NA","NA","NA","NA","protogyny","coastal","0"
"69","Clupea harengus","Clupea harengus","45","25","c(NA, NA, NA, NA, NA, NA, NA, NA, NA, NA, NA, NA, NA, NA, NA, NA, NA, NA, NA, NA, NA, NA, NA, NA, NA, NA, NA, NA, NA, NA, NA, NA, NA, NA, NA, NA, NA, NA, NA, NA, NA, NA, NA, NA, NA, NA, NA, NA, NA, NA)","no obvious seasonal peak","NA","c(NA, NA, NA, NA, NA, NA, NA, NA, NA, NA, NA, NA, NA, NA, NA, NA, NA, NA, NA, NA, NA, NA, NA, NA, NA, NA, NA, NA, NA, NA, NA, NA, NA, 16, 20, NA, NA, NA, NA, NA, NA, NA, NA, 13.2, 20, NA, NA, 22, NA, 24, 23, NA, NA, NA, NA, NA, NA, NA, NA, NA, NA, NA, NA, NA, NA, 24, NA, NA, NA, 28, NA, NA, NA, NA, NA, 24, NA, NA, NA, NA)","c(NA, NA, NA, 2, NA, NA, 3, NA, NA, NA, NA, NA, NA, NA, NA, NA, NA, NA, NA, NA, NA, NA, NA, NA, NA, NA, NA, NA, NA, NA, NA, NA, NA, NA, NA, NA, NA, NA, NA, NA, NA, NA, 2, NA, NA, 2, NA, NA, NA, NA, NA, NA, NA, NA, NA, NA, NA, NA, NA, NA, NA, NA, NA, NA, NA, NA, NA, NA, NA, NA, 3, NA, NA, NA, 2, NA, 3, 3, NA, 3)","3","dioecism","c(""coastal"", ""coastal"", ""coastal"", NA, ""coastal"", ""coastal"", ""coastal"", ""coastal"", ""coastal"", ""coastal"", ""coastal"", ""coastal"", ""coastal"", ""coastal"", ""coastal"", ""coastal"", ""coastal"", ""coastal"", ""coastal"", ""coastal"", NA, ""coastal"", ""coastal"", ""coastal"", ""coastal"", ""coastal"", ""coastal"", ""coastal"", NA, NA, ""coastal"", ""estuarine"", ""coastal"", NA, NA, ""coastal"", ""coastal"", ""coastal"", ""estuarine"", ""coastal"", ""coastal"", ""coastal"", ""coastal"", ""coastal"", ""coastal"", ""coastal"", ""coastal"", ""coastal"", ""coastal"", 
""coastal"", ""coastal"", NA, ""coastal"", ""coastal"", NA, NA, NA, NA, ""coastal"", ""coastal"", ""coastal"")","0"
"70","Clupea pallasii pallasii","Clupea pallasii pallasii","46","19","c(NA, NA, NA, NA, NA, NA, NA)","one clear seasonal peak per year","NA","c(NA, 21, 28, 24, 12, NA, NA, NA, NA, NA, NA, NA, NA, NA, NA, NA, NA, NA)","c(2, NA, NA, NA, NA, NA, 2, NA, NA, NA, NA, NA, NA, NA, NA, NA, NA, NA)","1","dioecism","c(NA, ""coastal"", ""estuarine"", NA, NA, NA, NA, NA)","-1"
"71","Coris bulbifrons","Coris bulbifrons","60","NA","NA",NA,"NA","NA","NA","NA","dioecism",NA,"0"
"72","Coris julis","Coris julis","30","7","NA",NA,"NA","NA","NA","3","protogyny",NA,"0"
"73","Coryphaena hippurus","Coryphaena hippurus","210","4","c(NA, NA, NA, 350746)","Variable throughout range","NA","c(35, 42.7, NA, NA, 52.8, 40, 45)","c(0.5, 0.5, 0.33, 0.33, 0.33, NA, 0.42)","3","dioecism","c(NA, NA, NA, NA, NA, NA, NA, ""shelf"", NA, NA, NA, NA, ""coastal"")","-1"
"74","Coryphaenoides armatus","Coryphaenoides armatus","102","NA","NA",NA,"NA","NA","NA","NA",NA,NA,"NA"
"75","Coryphaenoides brevibarbis","Coryphaenoides brevibarbis","35","NA","NA",NA,"NA","NA","NA","NA",NA,NA,"NA"
"76","Coryphaenoides mediterraneus","Coryphaenoides mediterraneus","73","NA","NA",NA,"NA","62","NA","NA",NA,NA,"NA"
"77","Cromileptes altivelis","Cromileptes altivelis","70","NA","NA",NA,"NA","39","NA","3","protogyny",NA,"0"
"78","Ctenolabrus rupestris","Ctenolabrus rupestris","18","8","NA",NA,"NA","NA","NA","3","dioecism","c(NA, NA, NA)","0"
"79","Cyclopterus lumpus","Cyclopterus lumpus","61","13","c(NA, NA)",NA,"NA","c(NA, NA, NA, NA)","c(5, 3, 3, 2)","1","dioecism","c(""coastal"", ""coastal"")","0"
"80","Cymatogaster aggregata","Cymatogaster aggregata","20.3","9","c(NA, NA, NA)","one clear seasonal peak per year","NA","c(NA, NA)","c(0, NA)","1","dioecism",NA,"0"
"81","Cynoglossus semilaevis","Cynoglossus semilaevis","61.1","NA","NA",NA,"NA","NA","NA","1","dioecism",NA,"0"
"82","Cynoscion acoupa","Cynoscion acoupa","110","NA","NA",NA,"NA","c(53, NA, NA)","c(NA, NA, NA)","NA",NA,"c(NA, ""coastal"", ""coastal"")","NA"
"83","Cynoscion arenarius","Cynoscion arenarius","63.5","5","NA",NA,"NA","NA","NA","NA",NA,NA,"NA"
"84","Cynoscion nebulosus","Cynoscion nebulosus","100","18","c(NA, NA, NA)",NA,"NA","c(NA, NA, 21, 24.7)","c(NA, NA, 1, NA)","3","dioecism","c(""coastal"", ""coastal"")","-1"
"85","Cynoscion nothus","Cynoscion nothus","36","1.2","NA",NA,"NA","c(NA, 14)","c(NA, NA)","1","dioecism","c(""coastal"", ""coastal"")","0"
"86","Dascyllus aruanus","Dascyllus aruanus","10","6","1500",NA,"NA","NA","NA","1","protogyny",NA,"0"
"87","Dascyllus strasburgi","Dascyllus strasburgi","9","NA","NA",NA,"NA","NA","NA","1","dioecism",NA,"0"
"88","Dascyllus trimaculatus","Dascyllus trimaculatus","14","NA","20000",NA,"NA","NA","NA","1","dioecism",NA,"-1"
"89","Dentex dentex","Dentex dentex","100","NA","NA",NA,"NA","c(NA, NA)","c(2, 2)","3","dioecism",NA,"0"
"90","Dicentrarchus labrax","Dicentrarchus labrax","103","30","231875","one clear seasonal peak per year","NA","c(NA, NA, 36, NA, 31, 32, 23, 17, 38.5, NA, 40, 31)","c(NA, NA, NA, NA, NA, NA, NA, NA, 3, 4, 5, 4)","1","dioecism","c(NA, NA, NA, NA, ""oceanic"")","-1"
"91","Diplodus hottentotus","Diplodus hottentotus","60","33","NA",NA,"NA","c(NA, NA)","c(NA, NA)","NA",NA,"coastal","NA"
"92","Diplodus sargus","Diplodus sargus","45","10","c(NA, NA)","one clear seasonal peak per year","NA","c(NA, 25, 20, NA, NA, NA, NA, NA)","c(NA, 4, 3, NA, NA, NA, NA, NA)","3","protandry","c(NA, NA, ""coastal"", ""coastal"", ""coastal"", ""coastal"", ""coastal"", ""coastal"", ""coastal"", ""coastal"")","0"
"93","Diplodus vulgaris","Diplodus vulgaris","45","NA","NA","one clear seasonal peak per year","NA","NA","NA","3","dioecism","c(NA, NA, NA)","0"
"94","Dipturus trachyderma","Dipturus trachyderma","264","NA","NA",NA,"NA","NA","NA","3","dioecism",NA,"0"
"95","Dissostichus eleginoides","Dissostichus eleginoides","215","31","238314","one clear seasonal peak per year","NA","38","6","NA","dioecism","c(""oceanic"", NA)","0"
"96","Electrona antarctica","Electrona antarctica","11.5","3.5","NA",NA,"NA","c(NA, NA)","c(NA, 2)","NA",NA,NA,"NA"
"97","Eleginops maclovinus","Eleginops maclovinus","90","NA","NA",NA,"NA","NA","NA","NA","protandry",NA,"0"
"98","Elops saurus","Elops saurus","100","NA","NA",NA,"NA","NA","NA","3","dioecism","c(""coastal"", ""coastal"", NA)","0"
"99","Embiotoca jacksoni","Embiotoca jacksoni","39","10","31",NA,"NA","NA","NA","1","dioecism",NA,"0"
"100","Engraulis australis","Engraulis australis","15","6","NA","Two seasonal peaks per year","NA","6","1","1","dioecism","coastal","-1"
"101","Engraulis capensis","Engraulis capensis","17","NA","NA",NA,"NA","NA","NA","1","dioecism",NA,"-1"
"102","Engraulis encrasicolus","Engraulis encrasicolus","20","5","c(NA, NA, NA, NA, NA, NA, NA, NA, NA, NA, NA, NA, NA, NA, NA, NA, NA, NA, NA, 11710)","one clear seasonal peak per year","NA","c(10, 11, 13, NA, NA, NA, NA, NA, 9, 8.2, 6.7, 5.5, NA, NA, NA, NA, 10, NA, NA, NA, NA, NA, NA, 10.41, 10.25, NA, NA, NA)","c(NA, 1, 1, NA, NA, NA, NA, NA, NA, NA, NA, NA, NA, NA, NA, NA, NA, NA, NA, NA, NA, NA, NA, NA, NA, NA, NA, 1)","1","dioecism","c(NA, NA, NA, ""shelf"", ""coastal"", ""estuarine"", ""shelf"", ""coastal"", NA, ""coastal"", NA, NA, NA, ""coastal"", NA, ""coastal"", NA, ""coastal"", ""estuarine"", ""estuarine"")","-1"
"103","Engraulis eurystole","Engraulis eurystole","15.5","NA","NA",NA,"NA","NA","NA","1","dioecism",NA,"-1"
"104","Engraulis japonicus","Engraulis japonicus","18","4","NA","Variable throughout range","NA","c(NA, 10, NA, NA)","c(2, 1, NA, NA)","1","dioecism","c(""coastal"", ""coastal"", ""coastal"", ""coastal"", NA, NA, ""coastal"", ""coastal"", ""coastal"")","-1"
"105","Epinephelus akaara","Epinephelus akaara","58","NA","NA",NA,"NA","c(23, 30)","c(NA, NA)","3","protogyny","coastal","0"
"106","Epinephelus awoara","Epinephelus awoara","60","NA","24329","one clear seasonal peak per year","NA","c(16, 34)","c(NA, NA)","3","protogyny","coastal","-1"
"107","Epinephelus bleekeri","Epinephelus bleekeri","76","NA","156176",NA,"NA","c(42, NA)","c(NA, NA)","3","protogyny",NA,"0"
"108","Epinephelus bontoides","Epinephelus bontoides","30","NA","NA",NA,"NA","NA","NA","3","protogyny",NA,"0"
"109","Epinephelus bruneus","Epinephelus bruneus","136","NA","NA",NA,"NA","54","NA","3","protogyny",NA,"0"
"110","Epinephelus caninus","Epinephelus caninus","164","NA","NA",NA,"NA","NA","NA","3","protogyny",NA,"0"
"111","Epinephelus coioides","Epinephelus coioides","120","22","43618","one clear seasonal peak per year","NA","c(49, 25, NA, NA, NA)","c(NA, 2, NA, NA, NA)","3","protogyny","coastal","0"
"112","Epinephelus costae","Epinephelus costae","140","NA","NA",NA,"NA","30","4","3","protogyny",NA,"0"
"113","Epinephelus fuscoguttatus","Epinephelus fuscoguttatus","120","40","NA",NA,"NA","50","NA","3","protogyny",NA,"0"
"114","Epinephelus guttatus","Epinephelus guttatus","76","22","c(NA, NA)","one clear seasonal peak per year","NA","c(NA, NA)","c(NA, NA)","3","protogyny","c(""coastal"", NA, NA, NA, NA)","0"
"115","Epinephelus lanceolatus","Epinephelus lanceolatus","270","NA","NA",NA,"NA","129","NA","3","protogyny",NA,"0"
"116","Epinephelus maculatus","Epinephelus maculatus","60.5","NA","NA",NA,"NA","35","NA","3","protogyny",NA,"0"
"117","Epinephelus malabaricus","Epinephelus malabaricus","234","NA","51087",NA,"NA","c(114, NA, NA)","c(NA, NA, NA)","3","protogyny",NA,"0"
"118","Epinephelus marginatus","Epinephelus marginatus","150","60","65424","one clear seasonal peak per year","NA","c(NA, 36.7, NA, NA, 45, 38.6, NA, NA, NA)","c(5, NA, NA, NA, 5, 5, NA, NA, NA)","3","protogyny","c(""shelf"", ""coastal"", ""coastal"", ""coastal"")","-1"
"119","Epinephelus merra","Epinephelus merra","32","NA","NA",NA,"NA","c(19, NA)","c(NA, NA)","3","protogyny",NA,"0"
"120","Epinephelus morio","Epinephelus morio","125","25","c(NA, NA)","one clear seasonal peak per year","NA","c(40, 35, 38.1, 38.5)","c(4, NA, NA, NA)","3","protogyny","c(NA, ""coastal"", ""coastal"", NA)","-1"
"121","Epinephelus ongus","Epinephelus ongus","40","NA","NA",NA,"NA","c(19, 16)","c(NA, 3)","3","protogyny",NA,"0"
"122","Epinephelus polyphekadion","Epinephelus polyphekadion","90","NA","NA",NA,"NA","58","NA","3","protogyny",NA,"0"
"123","Epinephelus striatus","Epinephelus striatus","122","29","NA","one clear seasonal peak per year","NA","NA","NA","3","protogyny","c(NA, ""shelf"", NA, NA, NA, NA, ""coastal"")","0"
"124","Etmopterus molleri","Etmopterus molleri","46","NA","NA",NA,"NA","NA","NA","NA","dioecism",NA,"0"
"125","Etmopterus spinax","Etmopterus spinax","60","NA","6",NA,"NA","c(33, NA)","c(NA, NA)","1","dioecism",NA,"0"
"126","Eucyclogobius newberryi","Eucyclogobius newberryi","5.7","1","NA",NA,"NA","2.7","NA","1","dioecism",NA,"-1"
"127","Forsterygion capito","Forsterygion capito","9.4","NA","NA",NA,"NA","NA","NA","1","dioecism",NA,"0"
"128","Forsterygion lapillum","Forsterygion lapillum","6.69","3","NA",NA,"NA","NA","NA","1","dioecism",NA,"0"
"129","Fundulus heteroclitus","Fundulus heteroclitus","15","4","NA",NA,"NA","3.5","1","1","dioecism",NA,"0"
"130","Gadus chalcogrammus","Gadus chalcogrammus","91","28","c(NA, NA, NA, NA, NA, NA, NA, NA, NA, NA, NA, NA)","one clear seasonal peak per year","NA","c(30, NA, NA, NA, NA, NA, NA, NA, NA, NA, NA, NA, NA)","c(3, NA, NA, NA, 5, 3, NA, NA, NA, NA, NA, NA, NA)","1","dioecism","c(NA, NA, NA, NA, NA)","0"
"131","Gadus macrocephalus","Gadus macrocephalus","119","25","c(NA, NA, NA, NA, NA, NA, NA)","one clear seasonal peak per year","NA","c(50, 50, 67, 40, 40, NA, 65, 60, 65, 60, 60, 55, 60, 55, 55, 50, NA, NA)","c(3, 3, 5, 2, 2, NA, 5, 5, 5, 5, 5, 5, 5, 5, 4, 3, NA, 3)","1","dioecism","c(NA, NA, NA, NA, NA, NA, NA)","0"
"132","Gadus morhua","Gadus morhua","200","25","c(NA, NA, NA, NA, NA, NA, NA, NA, NA, NA, NA, NA, NA, NA, NA, NA, NA, NA, NA, NA, NA, NA, NA, NA, NA, NA, NA, NA, NA, NA, NA, NA, NA, NA)","one clear seasonal peak per year","NA","c(NA, NA, NA, NA, NA, 52, 50, NA, NA, NA, NA, NA, NA, NA, NA, NA, NA, NA, 70, 70, 50, 70, 75, 38.5, 60, 42.5, NA, NA, NA, NA, NA, NA, NA, 51, 81, 71, 41, 51, 46, 31.4, 31, NA, NA, NA, NA, NA, NA, NA, NA, NA, NA, NA, NA, NA, NA, NA, NA, NA, NA, NA, NA, NA, NA, NA, 35, 20, 45, NA, NA, NA, NA, NA, NA, 50, 41, 34, NA, NA, NA, NA, NA, NA, NA, NA, NA, NA, NA, NA, NA, NA, NA, NA, NA, NA, NA, NA, NA, NA, NA, NA, NA, NA, 58.7, NA, NA, NA, NA, NA, 64, 48, NA)","c(NA, 2, 4, NA, NA, 5, 5, 2.5, 7, 6, 6, 3, NA, NA, NA, NA, NA, NA, 6, 6, 3, 6, 7, 2.5, 3, 2.5, NA, NA, NA, NA, NA, 5, 3, NA, NA, NA, NA, NA, NA, 4, 4, 3, NA, NA, NA, NA, NA, NA, NA, NA, NA, NA, NA, NA, NA, NA, NA, NA, NA, NA, NA, NA, NA, NA, NA, NA, 3, 1, 2, NA, NA, 2, NA, 2, 2, 2, 2, 3, NA, NA, NA, NA, NA, NA, NA, NA, NA, NA, NA, NA, NA, NA, NA, NA, NA, NA, NA, NA, NA, NA, NA, NA, 5, NA, 3, 3, NA, NA, 3, 2, NA)","1","dioecism","c(NA, NA, NA, ""shelf"", NA, NA, ""coastal"", NA, ""coastal"", NA, NA, NA, NA, NA, NA, NA, NA, NA, ""shelf"", ""coastal"", ""coastal"", NA, NA, NA, NA, ""coastal"", NA, ""coastal"", ""coastal"", NA, ""coastal"")","-1"
"133","Galeorhinus galeus","Galeorhinus galeus","193","55","c(NA, NA, NA, NA)","one clear seasonal peak per year","NA","c(NA, 130, NA, 120, NA, NA, 140, 130, 120, 120, 110, 130, NA, NA, NA, NA, NA, NA)","c(11, NA, 8, NA, 10, 8, 12, NA, NA, NA, NA, 10, NA, NA, NA, NA, NA, NA)","NA","dioecism","c(NA, ""coastal"")","0"
"134","Genypterus capensis","Genypterus capensis","180","NA","NA",NA,"NA","c(60, 50, 50)","c(NA, NA, 4)","1","dioecism",NA,"0"
"135","Ginglymostoma cirratum","Ginglymostoma cirratum","430","25","21",NA,"NA","c(230, 225)","c(NA, NA)","NA","dioecism",NA,"0"
"136","Girella laevifrons","Girella laevifrons","38.3","NA","NA",NA,"NA","NA","NA","NA",NA,NA,"NA"
"137","Girella punctata","Girella punctata","50","NA","NA",NA,"NA","39","NA","NA",NA,"c(NA, NA)","NA"
"138","Glaucosoma hebraicum","Glaucosoma hebraicum","122","NA","3e+05","one clear seasonal peak per year","NA","c(54, 58.5, 52, NA, NA)","c(3, NA, NA, NA, NA)","3","dioecism","c(""shelf"", NA)","-1"
"139","Gnatholepis anjerensis","Gnatholepis anjerensis","8.4","NA","NA",NA,"NA","NA","NA","NA","dioecism",NA,"0"
"140","Gnatholepis cauerensis","Gnatholepis cauerensis","6","NA","NA",NA,"NA","NA","NA","NA",NA,NA,"NA"
"141","Gobionotothen gibberifrons","Gobionotothen gibberifrons","55","NA","c(NA, NA, NA, NA, NA)","one clear seasonal peak per year","NA","c(NA, NA, NA, NA, NA, NA, NA)","c(NA, NA, NA, NA, NA, NA, NA)","NA","dioecism","c(""shelf"", ""shelf"", NA)","0"
"142","Gymnosarda unicolor","Gymnosarda unicolor","247.98","NA","NA",NA,"NA","NA","NA","3","dioecism",NA,"0"
"143","Gymnothorax chilospilus","Gymnothorax chilospilus","50.5","NA","NA",NA,"NA","NA","NA","NA",NA,NA,"NA"
"144","Haemulon flavolineatum","Haemulon flavolineatum","30","NA","NA",NA,"NA","NA","NA","1","dioecism",NA,"0"
"145","Haemulon plumierii","Haemulon plumierii","53","NA","64000",NA,"NA","c(NA, 11, 12, NA, NA)","c(NA, NA, NA, NA, NA)","1","dioecism","c(NA, NA, ""coastal"")","0"
"146","Hapalogenys nigripinnis","Hapalogenys nigripinnis","40","NA","NA",NA,"NA","NA","NA","NA",NA,NA,"NA"
"147","Helicolenus dactylopterus","Helicolenus dactylopterus","50","43","31767","one clear seasonal peak per year","NA","c(NA, NA)","c(NA, 15)","1","dioecism","c(NA, ""shelf"", ""shelf"", ""shelf"", ""coastal"", ""coastal"")","-1"
"148","Hexanchus griseus","Hexanchus griseus","482","NA","22",NA,"NA","c(400, 315, NA, 325, 420, 315)","c(NA, NA, NA, NA, NA, NA)","1","dioecism","shelf","0"
"149","Hippocampus angustus","Hippocampus angustus","22","NA","NA",NA,"NA","NA","NA","1","dioecism",NA,"-1"
"150","Hippocampus guttulatus","Hippocampus guttulatus","21.5","NA","581","one clear seasonal peak per year","NA","c(NA, NA, 10.8, NA)","c(NA, NA, NA, NA)","1","dioecism","c(""coastal"", ""coastal"")","-1"
"151","Hippocampus hippocampus","Hippocampus hippocampus","15","NA","865",NA,"NA","NA","0.33","1","dioecism","c(""coastal"", NA)","-1"
"152","Hippoglossus hippoglossus","Hippoglossus hippoglossus","470","50","1300000",NA,"NA","c(NA, NA, NA, NA, NA, NA, 135, 110, 58)","c(NA, NA, 10, 7, NA, NA, 7, 7, 5)","1","dioecism","c(NA, NA, NA, NA, NA)","-1"
"153","Hippoglossus stenolepis","Hippoglossus stenolepis","258","55","2250000",NA,"NA","c(NA, NA, 134, 125, NA)","c(7, 5, 12.1, 10.9, NA)","1","dioecism",NA,"0"
"154","Hoplostethus atlanticus","Hoplostethus atlanticus","75","149","c(NA, NA, NA, NA, NA, NA, NA, NA, NA, NA)","one clear seasonal peak per year","NA","c(NA, 28, NA, 18, 31.6, 15.9, 26.5, 39, NA, 29, NA, NA, NA, NA)","c(NA, 20, NA, 6, 11, 5, 9, NA, NA, NA, NA, NA, NA, NA)","NA","dioecism","c(""shelf"", ""shelf"", ""shelf"", NA, ""shelf"", ""shelf"", NA)","0"
"155","Hypomesus transpacificus","Hypomesus transpacificus","12","1","18000","one clear seasonal peak per year","NA","5.5","NA","3","dioecism",NA,"0"
"156","Hypoplectrus nigricans","Hypoplectrus nigricans","15.24","NA","NA",NA,"NA","NA","NA","3","true hermaphroditism",NA,"0"
"157","Hypoplectrus puella","Hypoplectrus puella","15.24","NA","NA",NA,"NA","NA","NA","3","true hermaphroditism",NA,"0"
"158","Hyporthodus acanthistius","Hyporthodus acanthistius","100","NA","NA",NA,"NA","NA","NA","3","protogyny",NA,"0"
"159","Hyporthodus septemfasciatus","Hyporthodus septemfasciatus","155","NA","NA",NA,"NA","NA","NA","3","protogyny",NA,"0"
"160","Kajikia albida","Kajikia albida","300","NA","NA",NA,"NA","c(NA, 130)","c(NA, NA)","3","dioecism","c(NA, ""shelf"")","0"
"161","Kareius bicoloratus","Kareius bicoloratus","50","12","NA",NA,"NA","NA","NA","1","dioecism","c(""coastal"", ""coastal"")","0"
"162","Katsuwonus pelamis","Katsuwonus pelamis","110","12","c(NA, NA, NA, NA, NA)","Variable throughout range","NA","c(NA, NA, 43.5, NA, 40, 40, NA, 40, 51)","c(NA, NA, NA, NA, NA, 1, NA, NA, NA)","3","dioecism","c(NA, NA, NA, NA, NA)","-1"
"163","Larimichthys crocea","Larimichthys crocea","80","NA","NA",NA,"NA","17","NA","NA",NA,NA,"NA"
"164","Larimichthys polyactis","Larimichthys polyactis","40","23","14729",NA,"NA","c(NA, NA, NA)","c(NA, NA, NA)","NA",NA,NA,"NA"
"165","Lepadogaster lepadogaster","Lepadogaster lepadogaster","6.5","NA","NA",NA,"NA","NA","NA","NA","dioecism",NA,"0"
"166","Lepidonotothen squamifrons","Lepidonotothen squamifrons","55","19","c(NA, NA, NA, NA)","one clear seasonal peak per year","NA","c(19, 34)","c(7, 8)","3","dioecism","c(""shelf"", NA, NA, NA)","0"
"167","Lepidorhombus boscii","Lepidorhombus boscii","40","NA","119390","one clear seasonal peak per year","NA","c(NA, NA, NA, NA)","c(NA, NA, NA, 1)","3","dioecism","c(NA, NA)","0"
"168","Lepidorhombus whiffiagonis","Lepidorhombus whiffiagonis","60","16","c(NA, NA)","one clear seasonal peak per year","NA","c(NA, NA, NA, NA, NA, NA, NA)","c(NA, NA, NA, NA, NA, NA, 1)","3","dioecism","c(NA, ""oceanic"", NA)","0"
"169","Lethrinus harak","Lethrinus harak","50","15","NA",NA,"NA","c(NA, NA)","c(NA, 1)","NA","protogyny","c(""shelf"", ""coastal"")","0"
"170","Lethrinus laticaudis","Lethrinus laticaudis","56","NA","NA",NA,"NA","NA","NA","3","protogyny",NA,"0"
"171","Lethrinus mahsena","Lethrinus mahsena","65","27","26700","Throughout the year, but peaking once","NA","c(19, NA)","c(3, NA)","3","protogyny","c(""coastal"", NA)","0"
"172","Lethrinus miniatus","Lethrinus miniatus","90","22","NA","Variable throughout range","NA","c(31, 40, NA, NA, NA)","c(2, NA, NA, 3, NA)","3","protogyny","c(""coastal"", ""coastal"", ""coastal"", ""coastal"", ""coastal"")","0"
"173","Lethrinus nebulosus","Lethrinus nebulosus","87","28","NA","throughout the year, but peaking once","NA","c(NA, NA, NA, NA, 32.5, 28, 40.8, 35.5, 46, 40, NA, NA)","c(NA, NA, NA, NA, 4, NA, 7, 6, NA, NA, NA, NA)","3","dioecism","c(NA, NA, NA, NA, NA, NA)","0"
"174","Limanda limanda","Limanda limanda","40","12","c(NA, NA, NA, NA, NA, NA, NA, NA)",NA,"NA","c(NA, NA, NA, NA, NA, NA, 20, 10, 21.6, NA, 12.5, 10.7, NA, NA, 14, 11, 18, 13, 11, NA, 13, NA, NA, NA, NA)","c(NA, NA, NA, NA, NA, NA, 3, 2, 2.6, NA, 2, 2, NA, NA, NA, NA, NA, NA, NA, NA, NA, NA, NA, NA, 2)","1","dioecism","c(NA, NA, NA, NA)","-1"
"175","Limanda punctatissima","Limanda punctatissima","40","NA","NA",NA,"NA","c(NA, NA, 22)","c(NA, NA, NA)","1","dioecism","coastal","0"
"176","Lithognathus mormyrus","Lithognathus mormyrus","55","12","NA","one clear seasonal peak per year","NA","c(NA, NA, NA, 20.3, 18.4, 14.1)","c(NA, NA, NA, NA, NA, 2)","3","protandry","c(NA, ""shelf"", NA)","0"
"177","Lophius budegassa","Lophius budegassa","100","21","c(NA, NA)",NA,"NA","c(34, 53.6, 38.6, 44.7)","c(4, 9, 7, 8)","1","dioecism",NA,"-1"
"178","Lophius piscatorius","Lophius piscatorius","200","24","1e+06",NA,"NA","c(40, 35, 50, NA, 93.9, 50.3)","c(NA, NA, NA, NA, 14, 6)","1","dioecism","c(NA, NA, ""oceanic"", NA)","0"
"179","Lutjanus analis","Lutjanus analis","94","29","NA",NA,"NA","c(40, 41, 38, NA, 31.2, 28, 29.5)","c(NA, NA, NA, NA, NA, NA, NA)","1","dioecism","c(NA, NA, NA, ""coastal"")","-1"
"180","Lutjanus argentimaculatus","Lutjanus argentimaculatus","150","31","NA",NA,"NA","c(55, NA, NA, NA)","c(NA, NA, NA, NA)","1","dioecism","c(NA, ""coastal"")","-1"
"181","Lutjanus campechanus","Lutjanus campechanus","100","57","c(NA, NA)",NA,"NA","c(NA, NA, 24.7, 23.8)","c(NA, NA, NA, NA)","1","dioecism","c(NA, NA, ""coastal"", ""coastal"")","-1"
"182","Lutjanus carponotatus","Lutjanus carponotatus","40","20","7074",NA,"NA","c(NA, NA)","c(NA, NA)","1","dioecism","coastal","-1"
"183","Lutjanus peru","Lutjanus peru","95","NA","NA","two seasonal peaks per year","NA","NA","NA","1","dioecism","coastal","0"
"184","Lutjanus russellii","Lutjanus russellii","50","NA","NA",NA,"NA","29","NA","1","dioecism",NA,"-1"
"185","Lutjanus synagris","Lutjanus synagris","60","10","NA",NA,"NA","c(NA, NA, NA, 20, 18, NA, 19, 18, 13, 15, 23.5, 21.4, 17, 15, NA, 15.7, NA, 15.5)","c(NA, NA, NA, NA, NA, NA, NA, NA, NA, 1, 1, NA, NA, NA, NA, NA, NA, NA)","1","dioecism","c(NA, NA, ""coastal"", NA, NA, NA)","-1"
"186","Macrourus berglax","Macrourus berglax","110","25","c(NA, NA, NA, NA, NA)","throughout the year, but peaking once","NA","c(NA, NA, NA, 66.7)","c(NA, NA, NA, 14.8)","NA","dioecism",NA,"-1"
"187","Macruronus magellanicus","Macruronus magellanicus","115","NA","NA",NA,"NA","c(54.3, 56.6)","c(NA, NA)","NA",NA,NA,"NA"
"188","Makaira nigricans","Makaira nigricans","500","NA","NA",NA,"NA","c(50, 80)","c(NA, NA)","3","dioecism",NA,"0"
"189","Mallotus villosus","Mallotus villosus","20","10","c(NA, NA, NA, NA, NA, NA, NA, NA, NA, NA, NA, NA, NA, NA, NA)","once in a lifetime","NA","c(NA, NA, 15, NA, NA, NA, NA, NA, NA, 9, 15, NA, NA, NA)","c(NA, NA, 2, NA, NA, NA, NA, NA, NA, NA, NA, NA, 2, 2)","3","dioecism","c(""coastal"", ""coastal"", ""coastal"", NA, ""coastal"", ""coastal"", ""coastal"", ""coastal"", ""coastal"", ""coastal"", ""coastal"", ""coastal"", ""coastal"", ""coastal"", NA, NA, NA, NA, ""coastal"")","0"
"190","Megalaspis cordyla","Megalaspis cordyla","80","NA","c(212218, 146400, 315000)",NA,"NA","c(NA, NA, NA, NA, NA)","c(NA, NA, NA, NA, NA)","3","dioecism",NA,"0"
"191","Melanogrammus aeglefinus","Melanogrammus aeglefinus","112","20","c(NA, NA, NA, NA, NA, NA, NA, NA, NA, NA, NA, NA, NA, NA, NA, NA, NA, NA)","one clear seasonal peak per year","NA","c(NA, NA, NA, NA, NA, NA, 27, NA, NA, NA, NA, NA, NA, NA, NA, NA, NA, NA, NA, NA, NA, NA, NA, NA, NA, NA, NA, NA, NA, NA, NA, NA, NA, NA, NA, 27, NA, NA, NA)","c(NA, 5, 3, 4, 2, NA, NA, NA, NA, NA, NA, NA, NA, NA, NA, NA, NA, 5, NA, NA, NA, 4, NA, NA, 2, NA, 2, 3, 2, 3, 3, 2, NA, NA, NA, NA, NA, 2, NA)","1","dioecism","c(NA, NA, NA, ""oceanic"", NA, NA, NA, NA, NA, ""shelf"", ""shelf"", ""shelf"", ""shelf"", NA, ""coastal"")","-1"
"192","Menidia menidia","Menidia menidia","15","2","179",NA,"NA","NA","NA","2","dioecism","c(""coastal"", NA, NA, NA, ""coastal"", NA)","-1"
"193","Merlangius merlangus","Merlangius merlangus","91.5","20","c(NA, NA, NA, NA, NA, NA, NA, NA, NA)","Variable throughout range","NA","c(NA, 28, NA, NA, NA, NA, NA, NA, NA, NA, NA, NA, NA, NA)","c(3, NA, 2, 1, NA, NA, NA, NA, NA, NA, NA, 1, 1, NA)","1","dioecism","c(NA, NA, NA, NA, ""coastal"")","-1"
"194","Merluccius australis","Merluccius australis","155","30","NA",NA,"NA","c(65, 75, 70, NA, NA, NA, NA)","c(NA, 6, 6, NA, 7, NA, 6)","NA",NA,"c(""shelf"", NA)","NA"
"195","Merluccius bilinearis","Merluccius bilinearis","76","12","7e+05","one clear seasonal peak per year","NA","c(NA, NA, NA, NA, NA)","c(3, NA, NA, NA, NA)","3","dioecism","c(""shelf"", NA, NA, NA)","-1"
"196","Merluccius hubbsi","Merluccius hubbsi","95","NA","c(NA, NA)","two seasonal peaks per year","NA","c(34.2, NA, NA)","c(6, NA, NA)","3","dioecism","c(""shelf"", ""coastal"", ""coastal"")","-1"
"197","Merluccius merluccius","Merluccius merluccius","140","20","c(NA, NA, NA, NA, NA, NA, NA, NA, NA, NA, NA, NA, NA, NA, NA, NA, NA, NA, NA, NA, NA, NA, NA, NA)","one clear seasonal peak per year","NA","c(NA, NA, 26, 20, 57, 36, 40, 26, NA, NA, 25, NA, NA, NA, NA, 38, 25, 40, NA, NA, 20, 19, 23, 22, 26, 20, NA, NA, 21.5, 23, 25, 38, 21, NA, NA, NA, NA, NA, NA, NA, 20, 25, 38, 16.8, NA, NA, NA, NA, NA, NA, 23.5, 17, 35.7, 28.9, 31, 26.5, NA, NA, NA, NA, NA, NA, NA, 50, 60, 55, 27, 35, 20, 54, NA, NA, NA, NA, NA, NA, NA, NA, NA, NA, 60, NA, NA, NA, 50, NA, 50, NA, NA, 47, NA, NA, NA, NA, NA, NA, NA, NA, NA, NA, NA, NA, NA, 36.5, NA, NA, NA, NA, NA, NA, NA, NA, NA, NA, NA, NA, NA, 40, NA)","c(NA, NA, NA, NA, 7, NA, 5, NA, NA, NA, NA, NA, NA, NA, NA, 2, 2, 4, NA, NA, 2, 3, NA, NA, NA, NA, NA, NA, NA, NA, NA, NA, NA, NA, NA, NA, NA, NA, NA, NA, NA, NA, NA, NA, NA, NA, NA, NA, NA, NA, NA, NA, NA, NA, NA, NA, NA, NA, NA, NA, NA, NA, NA, 3, NA, NA, NA, 4, NA, NA, NA, NA, NA, NA, NA, NA, NA, NA, NA, NA, NA, NA, NA, 5.5, 8, NA, 6, NA, NA, NA, NA, NA, NA, NA, NA, NA, NA, NA, NA, NA, NA, NA, NA, NA, NA, NA, NA, NA, NA, NA, NA, NA, NA, NA, NA, NA, NA, NA, NA)","3","dioecism","c(NA, NA, NA, NA, NA, NA, NA, NA, ""coastal"", NA, ""coastal"", NA, NA, NA, NA, NA, NA, NA, NA, NA, NA, NA, ""coastal"", ""coastal"", NA)","-1"
"198","Merluccius productus","Merluccius productus","91","16","c(NA, NA)",NA,"NA","c(35, 34, NA, 37, 35)","c(3, 3, NA, 3.8, NA)","NA","dioecism","c(""oceanic"", NA)","0"
"199","Microchirus azevia","Microchirus azevia","40","NA","NA",NA,"NA","NA","NA","1","dioecism",NA,"0"
"200","Micromesistius poutassou","Micromesistius poutassou","55.5","20","c(NA, NA, NA, NA, NA)",NA,"NA","c(NA, NA, NA, NA, NA, NA, NA, 22.5, NA, NA, NA, NA)","c(NA, 3, NA, NA, NA, NA, NA, 5, NA, NA, 2, NA)","1","dioecism","c(""shelf"", ""shelf"", ""shelf"", NA, ""shelf"")","0"
"201","Micropogonias furnieri","Micropogonias furnieri","60","7","c(NA, NA)",NA,"NA","c(NA, NA, NA, NA, NA, NA, 20, NA, 23.5)","c(NA, NA, NA, 3, NA, NA, 2, NA, NA)","3","dioecism","c(NA, NA, ""estuarine"", ""coastal"", ""coastal"", ""coastal"", ""coastal"", ""coastal"", ""coastal"")","0"
"202","Miichthys miiuy","Miichthys miiuy","70","NA","NA",NA,"NA","NA","NA","NA","dioecism",NA,"0"
"203","Molva molva","Molva molva","200","25","c(NA, NA)",NA,"NA","c(90, 80, NA, NA, NA)","c(5, NA, NA, NA, NA)","3","dioecism","c(NA, NA)","0"
"204","Mulloidichthys flavolineatus","Mulloidichthys flavolineatus","43","NA","NA",NA,"NA","c(12.3, 11.2, NA, 15, 14)","c(NA, NA, NA, NA, NA)","NA","dioecism","c(NA, ""coastal"", ""coastal"")","0"
"205","Mullus barbatus barbatus","Mullus barbatus barbatus","33.2","NA","c(NA, NA, NA, NA, NA, NA)","one clear seasonal peak per year","NA","c(NA, NA, NA, NA, NA, NA, NA, NA, NA, NA, NA, NA)","c(NA, NA, NA, NA, NA, NA, NA, NA, NA, NA, NA, NA)","NA","dioecism",NA,"-1"
"206","Mullus surmuletus","Mullus surmuletus","40","11","NA","one clear seasonal peak per year","NA","c(NA, NA, NA, NA, 22, 15, 13, 6.6, NA, NA, NA, NA, NA, NA, NA, NA, 10, NA, NA, NA, NA, NA, NA, NA, NA)","c(NA, NA, NA, 2, 2, NA, NA, NA, NA, NA, NA, NA, NA, NA, NA, NA, 0, NA, NA, NA, NA, NA, NA, NA, NA)","NA","dioecism","c(NA, ""coastal"", ""coastal"", ""coastal"", ""coastal"", ""coastal"", ""coastal"", ""coastal"", NA, ""coastal"", NA, NA, NA, NA, NA, NA, NA, NA)","0"
"207","Mustelus mustelus","Mustelus mustelus","200","24","4",NA,"NA","c(80, 70, NA, NA)","c(NA, NA, 12, 6)","NA","dioecism",NA,"0"
"208","Mustelus palumbes","Mustelus palumbes","120","NA","3",NA,"NA","NA","NA","1","dioecism",NA,"0"
"209","Mycteroperca microlepis","Mycteroperca microlepis","145","31","c(NA, NA)","one clear seasonal peak per year","NA","c(50.8, 51.7, 57.7, 98.1, NA, 72.1, 46.8)","c(NA, NA, 3, 8, 3, NA, NA)","3","protogyny","c(""coastal"", ""coastal"", ""coastal"", ""coastal"")","-1"
"210","Mycteroperca phenax","Mycteroperca phenax","107","21","NA",NA,"NA","NA","NA","3","protogyny",NA,"0"
"211","Mycteroperca rubra","Mycteroperca rubra","144","NA","NA",NA,"NA","32","NA","3","protogyny",NA,"0"
"212","Naso unicornis","Naso unicornis","70","NA","NA",NA,"NA","NA","NA","3","dioecism",NA,"0"
"213","Negaprion brevirostris","Negaprion brevirostris","340","25","4",NA,"NA","c(239, 224, NA, NA)","c(NA, NA, NA, NA)","NA","dioecism","coastal","0"
"214","Nemadactylus macropterus","Nemadactylus macropterus","70","50","1e+05",NA,"NA","c(25, 25)","c(3, 4)","NA","dioecism","coastal","-1"
"215","Neopomacentrus filamentosus","Neopomacentrus filamentosus","11","NA","NA",NA,"NA","NA","NA","1","dioecism",NA,"0"
"216","Nibea albiflora","Nibea albiflora","43.5","4","NA",NA,"NA","NA","NA","NA",NA,NA,"NA"
"217","Notothenia rossii","Notothenia rossii","92","16","c(NA, NA, NA, NA)","one clear seasonal peak per year","NA","c(NA, NA, NA, NA)","c(NA, NA, NA, NA)","NA","dioecism","c(NA, NA, ""oceanic"")","0"
"218","Nototheniops larseni","Nototheniops larseni","24","NA","c(NA, NA, NA, NA)","one clear seasonal peak per year","NA","c(NA, NA)","c(NA, NA)","3","dioecism","c(""shelf"", ""shelf"", NA, NA)","0"
"219","Oblada melanura","Oblada melanura","36.6","NA","NA","one clear seasonal peak per year","NA","NA","2","3","protogyny","c(NA, NA, NA)","0"
"220","Ocyurus chrysurus","Ocyurus chrysurus","86.3","14","NA",NA,"NA","c(25, 29, NA, 13, 17, NA, NA, NA, 14.7, 16)","c(NA, NA, NA, NA, NA, NA, NA, NA, NA, NA)","1","dioecism","c(NA, NA, NA, NA)","-1"
"221","Odontesthes argentinensis","Odontesthes argentinensis","42.1","NA","NA",NA,"NA","c(NA, NA)","c(NA, NA)","NA","dioecism",NA,"0"
"222","Ophiodon elongatus","Ophiodon elongatus","152","25","60000",NA,"NA","c(70, 46, NA, 61, NA)","c(NA, NA, NA, 3, NA)","NA","dioecism","c(NA, NA)","0"
"223","Osmerus eperlanus","Osmerus eperlanus","45","10","c(NA, NA, NA, NA)","one clear seasonal peak per year","NA","c(NA, NA, NA, NA, NA)","c(NA, NA, 2, NA, 2)","1","dioecism","c(NA, ""riverine"", ""estuarine"", ""riverine"", NA)","0"
"224","Osmerus mordax","Osmerus mordax","35.6","7","8500","one clear seasonal peak per year","NA","c(NA, NA, NA, NA, NA, NA, NA, NA, NA, NA, NA)","c(NA, NA, NA, NA, NA, NA, NA, NA, NA, 6, 2)","1","dioecism","c(""riverine"", NA)","0"
"225","Ostorhinchus doederleini","Ostorhinchus doederleini","14","NA","NA",NA,"NA","NA","NA","NA","dioecism",NA,"0"
"226","Pagellus bogaraveo","Pagellus bogaraveo","70","15","c(NA, NA)",NA,"NA","c(22, NA, NA, NA, NA, NA, NA, NA, NA)","c(4, NA, NA, NA, NA, NA, NA, NA, NA)","3","protandry","c(NA, NA, NA, NA, NA)","0"
"227","Pagellus erythrinus","Pagellus erythrinus","60","NA","c(NA, NA, NA)","two seasonal peaks per year","NA","c(NA, NA, NA, NA, NA, NA, NA, NA, NA, NA, 15, NA, 13, NA, NA, 13, 12, NA, NA, NA)","c(NA, NA, NA, NA, 1, NA, NA, NA, NA, NA, NA, NA, 2.5, NA, NA, NA, NA, NA, NA, NA)","3","protogyny","c(NA, NA, NA, NA, NA, NA, NA, NA, ""coastal"")","0"
"228","Pagrus auratus","Pagrus auratus","130","54","c(NA, NA)","one clear seasonal peak per year","NA","c(NA, 27, 28, 20, 22)","c(3, 4, NA, 3, NA)","3","dioecism","c(NA, NA, NA, ""coastal"", NA, NA, ""shelf"", NA, NA, NA)","-1"
"229","Pagrus auriga","Pagrus auriga","80","NA","NA",NA,"NA","NA","NA","3","protogyny",NA,"0"
"230","Pagrus major","Pagrus major","100","NA","NA",NA,"NA","c(54, NA, NA)","c(NA, NA, NA)","NA","dioecism",NA,"0"
"231","Pagrus pagrus","Pagrus pagrus","91","NA","48660",NA,"NA","c(NA, NA, NA, NA, 21.3, 18.8, 30.4, NA)","c(NA, NA, NA, NA, NA, 0.9, 2.5, NA)","3","protogyny","c(NA, NA, NA, NA, ""coastal"")","0"
"232","Pampus argenteus","Pampus argenteus","60","7","c(44650, NA, NA, NA, NA)",NA,"NA","c(18, NA, NA)","c(NA, NA, NA)","1","dioecism","c(NA, NA, ""coastal"", ""coastal"")","0"
"233","Pampus chinensis","Pampus chinensis","40","NA","NA",NA,"NA","NA","NA","1","dioecism",NA,"0"
"234","Paracentropogon rubripinnis","Paracentropogon rubripinnis","9.3","NA","NA",NA,"NA","NA","NA","NA",NA,NA,"NA"
"235","Paralabrax albomaculatus","Paralabrax albomaculatus","50.8","NA","NA",NA,"NA","NA","NA","NA","dioecism",NA,"0"
"236","Paralabrax nebulifer","Paralabrax nebulifer","67","31","4100000",NA,"NA","NA","NA","3",NA,NA,"-1"
"237","Paralichthys olivaceus","Paralichthys olivaceus","103","NA","1e+07",NA,"NA","c(40, 30)","c(3, 3)","3","dioecism","c(""coastal"", ""coastal"")","0"
"238","Parapristipoma trilineatum","Parapristipoma trilineatum","40","NA","30083",NA,"NA","c(16, 15)","c(NA, NA)","1","dioecism",NA,"0"
"239","Planiliza affinis","Planiliza affinis","30","NA","NA",NA,"NA","NA","NA","1","dioecism",NA,"0"
"240","Platichthys flesus","Platichthys flesus","60","15","c(NA, NA, NA, NA, NA, NA, NA, NA, NA, NA, NA, NA, NA)","one clear seasonal peak per year","NA","c(NA, NA, NA, 30, 25, 20, 20, 25, NA, NA, 30, 25, NA, NA, NA, NA, NA, NA, NA, NA, NA, NA, 18, 15, 14, NA, NA, NA, NA, NA, NA)","c(4, 3, 6, 3, 3, 2, 2, 2, 4, 3, NA, NA, NA, 3, 2, NA, NA, NA, NA, NA, NA, NA, NA, NA, NA, NA, 3, 2, 2, NA, NA)","1","dioecism","c(NA, NA, ""coastal"", NA, NA, ""shelf"", NA, NA, NA)","0"
"241","Platichthys stellatus","Platichthys stellatus","91","24","NA",NA,"NA","c(35, 30)","c(3, 2)","1","dioecism","c(NA, NA, NA, NA)","0"
"242","Plectropomus areolatus","Plectropomus areolatus","80","NA","NA",NA,"NA","c(41, NA, 30, NA)","c(NA, NA, NA, NA)","3","protogyny",NA,"0"
"243","Plectropomus leopardus","Plectropomus leopardus","120","26","457900","one clear seasonal peak per year","NA","c(NA, 21, 30, 21, NA, NA, 36, 42)","c(NA, 2, 3, NA, 2, 3, NA, NA)","3","protogyny","c(""coastal"", ""coastal"", ""shelf"", ""shelf"")","-1"
"244","Plectropomus maculatus","Plectropomus maculatus","125","NA","NA",NA,"NA","c(NA, NA, 54)","c(2, 3, NA)","3","protogyny","c(""coastal"", ""coastal"")","0"
"245","Pleuragramma antarctica","Pleuragramma antarctica","25","20","c(NA, 7500)",NA,"NA","c(12.5, 13)","c(NA, 3)","NA","dioecism","c(NA, ""shelf"", NA)","0"
"246","Pleurogrammus monopterygius","Pleurogrammus monopterygius","56.5","15","6689","one clear seasonal peak per year","NA","c(NA, NA, NA, 32)","c(NA, 4, NA, NA)","1","dioecism",NA,"-1"
"247","Pleuronectes platessa","Pleuronectes platessa","100","50","c(NA, NA, NA, NA, NA, NA, NA, NA, NA, NA, NA, NA, NA, NA, NA, NA, NA, NA, NA, NA, NA, NA, NA, NA, NA, NA, NA)","one clear seasonal peak per year","NA","c(31, NA, NA, NA, NA, 30, 18, NA, 30, NA, NA, NA, NA, NA, NA, NA, NA, NA, NA, 38, NA, NA, NA, NA, NA, NA, NA, NA, NA, NA, 24, 33, 40, 32, NA, 24, 32, 15, 29, NA, NA, NA, NA)","c(NA, NA, NA, NA, NA, 3, 2, 3, 3, 3, 2, NA, NA, NA, 2, NA, NA, NA, 2, NA, NA, NA, NA, NA, NA, NA, NA, NA, NA, NA, 4, 4, 6, 5, 4, 3, 5, 1, NA, NA, NA, NA, NA)","1","dioecism","c(NA, NA, NA, NA, NA, NA, ""shelf"", ""coastal"", ""coastal"", ""coastal"", ""coastal"", ""coastal"", ""coastal"", ""coastal"")","-1"
"248","Polyprion americanus","Polyprion americanus","210","NA","3e+06",NA,"NA","c(NA, NA)","c(NA, NA)","NA","dioecism","c(NA, NA)","0"
"249","Polyprion oxygeneios","Polyprion oxygeneios","160","60","1500000",NA,"NA","c(NA, NA, NA, NA, NA)","c(NA, NA, 10, NA, NA)","NA","dioecism","c(NA, ""coastal"")","0"
"250","Pomacentrus amboinensis","Pomacentrus amboinensis","9","NA","NA",NA,"NA","NA","NA","1","dioecism",NA,"0"
"251","Pomacentrus coelestis","Pomacentrus coelestis","9","NA","NA",NA,"NA","NA","NA","1","dioecism",NA,"0"
"252","Pomatomus saltatrix","Pomatomus saltatrix","130","9","c(NA, NA, NA)",NA,"NA","c(NA, NA, 30, NA, NA, NA, NA)","c(NA, NA, 2, NA, NA, NA, NA)","NA","dioecism","c(""shelf"", NA, ""coastal"", ""shelf"", ""shelf"", NA, NA, ""coastal"")","-1"
"253","Pomatoschistus marmoratus","Pomatoschistus marmoratus","8","2","307","variable throughout range","NA","NA","1","NA","dioecism","c(""estuarine"", ""estuarine"", ""lacustrine"", ""riverine"", ""riverine"")","-1"
"254","Pomatoschistus minutus","Pomatoschistus minutus","11","2.7","c(NA, NA, NA)","one clear seasonal peak per year","NA","c(6, 2.5)","c(0.7, NA)","1","dioecism","c(""estuarine"", ""estuarine"")","0"
"255","Pristipomoides filamentosus","Pristipomoides filamentosus","100","44","NA",NA,"NA","c(35, NA, 36.6, 40)","c(NA, NA, NA, NA)","1","dioecism","c(NA, NA)","-1"
"256","Pristipomoides zonatus","Pristipomoides zonatus","57.5","NA","NA",NA,"NA","NA","NA","1","dioecism",NA,"0"
"257","Protonibea diacanthus","Protonibea diacanthus","150","8","NA",NA,"NA","85","NA","NA","dioecism",NA,"0"
"258","Pseudopleuronectes americanus","Pseudopleuronectes americanus","64","14","NA",NA,"NA","c(NA, NA, NA, NA, NA, NA, NA)","c(NA, NA, NA, NA, NA, NA, NA)","1","dioecism","c(""coastal"", ""estuarine"", NA)","-1"
"259","Pseudopleuronectes herzensteini","Pseudopleuronectes herzensteini","50","15","NA",NA,"NA","c(22, 23, 18)","c(NA, NA, NA)","1","dioecism","coastal","0"
"260","Pseudopleuronectes yokohamae","Pseudopleuronectes yokohamae","45","NA","NA",NA,"NA","NA","NA","1","dioecism",NA,"0"
"261","Pterapogon kauderni","Pterapogon kauderni","8.6","NA","c(NA, NA, NA)",NA,"NA","c(NA, NA)","c(NA, NA)","1","dioecism","coastal","0"
"262","Pterogobius elapoides","Pterogobius elapoides","8.3","NA","NA",NA,"NA","NA","NA","NA",NA,NA,"NA"
"263","Pterogobius zonoleucus","Pterogobius zonoleucus","6.7","NA","NA",NA,"NA","NA","NA","NA",NA,NA,"NA"
"264","Rachycentron canadum","Rachycentron canadum","200","15","1935000","one clear seasonal peak per year","NA","c(69.6, 42.6, 52, NA, NA)","c(3, NA, 2, NA, NA)","NA","dioecism","c(NA, ""coastal"", NA, NA)","-1"
"265","Raja clavata","Raja clavata","105","15","c(NA, NA, NA, NA, NA)",NA,"NA","c(NA, NA, NA, NA, NA, NA, NA, NA, 47.5, 47, NA, NA, NA, NA, NA, NA, 47, 57, 56, 47)","c(NA, NA, NA, NA, NA, NA, NA, NA, NA, NA, NA, NA, NA, NA, NA, NA, NA, NA, NA, NA)","3","dioecism",NA,"0"
"266","Rhincodon typus","Rhincodon typus","1700","80.4","c(NA, NA)",NA,"NA","c(NA, 440, 903, 300, 760, NA)","c(NA, NA, NA, NA, NA, NA)","1","dioecism","coastal","0"
"267","Rhomboplites aurorubens","Rhomboplites aurorubens","60","10","NA",NA,"NA","c(19, 20, NA, 32, 31, 25.5, 14.7, 15.3)","c(NA, NA, NA, NA, NA, 3, NA, NA)","1","dioecism","c(NA, NA, ""coastal"")","-1"
"268","Sarda sarda","Sarda sarda","91.4","5","NA","Variable throughout range","NA","c(40.5, 39.5, NA, NA, NA, NA)","c(NA, NA, NA, NA, NA, NA)","3","dioecism","c(NA, NA, NA, NA, NA)","0"
"269","Sardina pilchardus","Sardina pilchardus","27.5","15","c(NA, NA, NA, 33911, 2728, 33802, NA, NA, NA, NA, NA, NA, NA, NA, NA, NA)","Variable throughout range","NA","c(13, 14, 11, NA, 14.5, NA, NA, NA, NA, NA, 13, NA, NA, NA, NA, 14.5, 14)","c(NA, NA, NA, NA, NA, NA, NA, NA, NA, NA, NA, NA, NA, NA, NA, NA, NA)","3","dioecism","c(NA, NA, ""coastal"", NA, NA, NA, NA, NA, NA, NA, NA, NA, NA, NA, NA, NA, NA)","-1"
"270","Sardinella longiceps","Sardinella longiceps","23","3.4","c(NA, NA)","one clear seasonal peak per year","NA","c(NA, NA, NA, NA, NA, NA, NA, NA, NA, NA)","c(NA, NA, NA, NA, NA, NA, NA, NA, NA, NA)","3","dioecism","c(NA, ""coastal"", NA, ""coastal"")","0"
"271","Sardinops sagax","Sardinops sagax","39.5","25","c(NA, NA)","Two seasonal peaks per year","NA","c(7, 24, NA, NA, 22, 18, NA, 24, NA, NA, 21, NA, 18)","c(1, NA, 1, NA, NA, 1, NA, NA, NA, NA, NA, NA, NA)","3","dioecism","c(NA, NA, ""coastal"", ""coastal"", ""coastal"", ""coastal"", ""coastal"", ""coastal"", NA, NA, NA, ""coastal"")","-1"
"272","Scartella cristata","Scartella cristata","12","NA","NA",NA,"NA","NA","NA","NA","dioecism",NA,"0"
"273","Sciaenops ocellatus","Sciaenops ocellatus","155","50","3500000",NA,"NA","c(59.8, 55, 60, 71.1, 35, 40, 35.8)","c(4, 3, 3, 4, NA, NA, NA)","3","dioecism","c(""coastal"", NA)","-1"
"274","Scomber australasicus","Scomber australasicus","44","NA","NA",NA,"NA","NA","NA","NA",NA,NA,"NA"
"275","Scomber japonicus","Scomber japonicus","64","18","c(NA, NA, NA, NA)","Variable throughout range","NA","c(NA, NA, NA, NA, 31.5, NA, NA, 29, NA)","c(NA, 2, NA, NA, NA, NA, NA, NA, NA)","3","dioecism","c(NA, NA, NA, NA, NA, NA)","-1"
"276","Scomber scombrus","Scomber scombrus","60","17","c(NA, NA, NA, NA, NA, NA, NA, NA, NA, NA, NA, NA, NA, NA, NA)","one clear seasonal peak per year","NA","c(34, 32, 30, NA, NA, NA, NA, NA, NA, NA, NA, 30, 30, 24, NA, NA, NA)","c(2, 2, NA, NA, NA, NA, NA, NA, NA, NA, NA, NA, 2, 1, NA, NA, NA)","1","dioecism","c(NA, NA, NA, NA, NA, ""coastal"", NA, NA, NA)","-1"
"277","Scomberomorus brasiliensis","Scomberomorus brasiliensis","125","NA","NA","Throughout the year, but peaking once","NA","c(NA, NA, NA, NA, NA, NA, NA)","c(3, NA, NA, NA, NA, NA, NA)","3","dioecism","c(NA, NA, NA, NA, NA)","0"
"278","Scomberomorus commerson","Scomberomorus commerson","240","NA","c(NA, NA, NA)","Variable throughout range","NA","c(70, 65, 80, 55, 70.1, 72, NA, NA, 89.8, 70.6, NA, NA, NA)","c(NA, 2, 2, NA, 2, NA, NA, NA, 2, 1, NA, NA, NA)","3","dioecism","c(NA, NA, ""shelf"", NA, ""coastal"", NA, NA, NA, ""shelf"", ""shelf"", ""shelf"", NA, ""coastal"", NA, NA, NA, NA, ""coastal"", NA, NA)","0"
"279","Scomberomorus concolor","Scomberomorus concolor","77","NA","NA",NA,"NA","NA","NA","3","dioecism",NA,"0"
"280","Scomberomorus niphonius","Scomberomorus niphonius","113.2","NA","550000",NA,"NA","NA","NA","3","dioecism",NA,"0"
"281","Scophthalmus maximus","Scophthalmus maximus","100","25.2","5e+06",NA,"NA","c(46, 41, 47, NA, NA, NA, NA, NA, NA, NA, NA, NA, NA)","c(NA, NA, NA, NA, NA, NA, 3, NA, NA, NA, NA, NA, NA)","NA","dioecism","c(NA, ""coastal"")","-1"
"282","Scophthalmus rhombus","Scophthalmus rhombus","75","5.75","NA",NA,"NA","c(33, 33, NA, NA, 45, 33)","c(NA, NA, NA, NA, 5, NA)","NA",NA,NA,"NA"
"283","Scorpaena porcus","Scorpaena porcus","40.5","NA","NA",NA,"NA","c(10, 8.5, 10.5, NA, NA, NA, NA, NA, NA, NA, NA, NA, NA)","c(3, 2, NA, NA, NA, 1, 1, 1, 1, 1, 0, NA, NA)","NA",NA,"c(NA, ""coastal"", NA, NA, NA, NA, NA, NA)","NA"
"284","Scyliorhinus canicula","Scyliorhinus canicula","100","12","c(NA, NA, NA, NA, NA, NA)",NA,"NA","c(44, 39, 54, 54, 54, 54, NA, NA, 52, 49, 41, 43, NA, NA)","c(NA, NA, NA, NA, NA, NA, NA, 3, NA, NA, NA, NA, NA, NA)","3","dioecism","c(""coastal"", ""coastal"")","0"
"285","Sebastes aleutianus","Sebastes aleutianus","97","205","NA",NA,"NA","c(NA, NA)","c(NA, NA)","NA","dioecism",NA,"0"
"286","Sebastes alutus","Sebastes alutus","53","103","c(NA, NA)",NA,"NA","c(26, NA, NA, NA, NA, NA, NA, NA, 34.2, 36.3, NA, NA, NA, 24.5, NA)","c(7, NA, NA, NA, NA, NA, NA, NA, 9.3, 11.4, 8, NA, NA, 5, NA)","NA","dioecism","c(NA, ""coastal"", NA)","0"
"287","Sebastes atrovirens","Sebastes atrovirens","42","20","NA",NA,"NA","NA","NA","NA","dioecism",NA,"0"
"288","Sebastes auriculatus","Sebastes auriculatus","56","34","678000",NA,"NA","c(26, 26, NA)","c(3, 3, NA)","NA","dioecism","c(NA, NA)","0"
"289","Sebastes babcocki","Sebastes babcocki","64","106","NA",NA,"NA","c(34, 27, 42, 38, NA, NA)","c(3, 3, NA, NA, NA, NA)","NA","dioecism",NA,"0"
"290","Sebastes borealis","Sebastes borealis","108","157","NA",NA,"NA","c(NA, NA)","c(NA, NA)","NA","dioecism",NA,"0"
"291","Sebastes brevispinis","Sebastes brevispinis","71","82","NA",NA,"NA","c(NA, NA)","c(NA, NA)","NA","dioecism",NA,"0"
"292","Sebastes carnatus","Sebastes carnatus","39","30","425000",NA,"NA","c(NA, NA)","c(NA, NA)","NA","dioecism",NA,"0"
"293","Sebastes caurinus","Sebastes caurinus","58","57","20000",NA,"NA","c(31, 17, NA)","c(5, 3, NA)","NA","dioecism",NA,"0"
"294","Sebastes chrysomelas","Sebastes chrysomelas","39","22","425000",NA,"NA","c(14, 14, NA)","c(3, 3, NA)","NA","dioecism",NA,"0"
"295","Sebastes crameri","Sebastes crameri","58","105","c(NA, NA)","one clear seasonal peak per year","NA","c(24, 25, NA, NA, NA, NA, NA)","c(3, 3, NA, NA, NA, NA, NA)","NA","dioecism","c(NA, ""coastal"")","0"
"296","Sebastes entomelas","Sebastes entomelas","60","60","c(NA, NA, NA)",NA,"NA","c(29, 31, 32.4, NA, NA, NA)","c(3, 3, 4, NA, NA, NA)","NA","dioecism","c(NA, NA)","0"
"297","Sebastes fasciatus","Sebastes fasciatus","30","NA","NA",NA,"NA","c(NA, NA)","c(NA, NA)","NA","dioecism",NA,"0"
"298","Sebastes flavidus","Sebastes flavidus","66","64","c(NA, NA)","one clear seasonal peak per year","NA","c(27, NA, 30, NA, 41, NA)","c(4, NA, 4, NA, 11, NA)","NA","dioecism",NA,"0"
"299","Sebastes inermis","Sebastes inermis","35.9","NA","4000","one clear seasonal peak per year","NA","15.8","NA","NA","dioecism",NA,"0"
"300","Sebastes macdonaldi","Sebastes macdonaldi","66","NA","NA",NA,"NA","NA","NA","NA","dioecism",NA,"0"
"301","Sebastes maliger","Sebastes maliger","61","90","NA",NA,"NA","c(NA, NA, NA, NA, NA)","c(NA, NA, NA, NA, NA)","NA","dioecism",NA,"0"
"302","Sebastes melanops","Sebastes melanops","63","50","c(NA, NA)",NA,"NA","c(39, 30, 40, 25, NA, NA)","c(9, 5, 10, 3, NA, NA)","NA","dioecism","c(NA, NA, ""coastal"")","0"
"303","Sebastes mentella","Sebastes mentella","77.5","75","c(NA, NA, NA, NA, NA, NA, NA, NA)","one clear seasonal peak per year","NA","c(NA, NA, NA, NA, NA, NA, NA, 26)","c(NA, NA, NA, NA, NA, NA, NA, 11)","NA","dioecism","coastal","0"
"304","Sebastes mystinus","Sebastes mystinus","61","44","524000",NA,"NA","c(NA, NA)","c(4, 3)","NA","dioecism",NA,"0"
"305","Sebastes nigrocinctus","Sebastes nigrocinctus","61","116","NA",NA,"NA","NA","NA","NA","dioecism",NA,"0"
"306","Sebastes norvegicus","Sebastes norvegicus","100","60","c(NA, NA, NA, NA, NA)","one clear seasonal peak per year","NA","c(NA, NA, 30, 30, 30, 38, 21)","c(NA, NA, 10, 10, 10, NA, NA)","NA","dioecism",NA,"0"
"307","Sebastes paucispinis","Sebastes paucispinis","91","50","c(NA, NA)",NA,"NA","c(36, 32, 35.6)","c(3, 3, 3)","NA","dioecism","c(NA, NA)","0"
"308","Sebastes pinniger","Sebastes pinniger","76","84","c(NA, NA)",NA,"NA","c(27, 28, 35.6, NA)","c(4, 4, 5, NA)","NA","dioecism",NA,"0"
"309","Sebastes polyspinis","Sebastes polyspinis","41","57","89320",NA,"NA","NA","NA","NA","dioecism",NA,"0"
"310","Sebastes rastrelliger","Sebastes rastrelliger","56","23","760000",NA,"NA","NA","NA","NA","dioecism",NA,"0"
"311","Sebastes ruberrimus","Sebastes ruberrimus","104","118","2700000",NA,"NA","c(36, 36, NA)","c(6, 6, 12)","NA","dioecism","c(NA, NA)","0"
"312","Sebastes schlegelii","Sebastes schlegelii","65","20","44000",NA,"NA","c(26, 33.8)","c(NA, NA)","NA","dioecism","coastal","0"
"313","Sebastes thompsoni","Sebastes thompsoni","30","NA","NA",NA,"NA","NA","NA","NA","dioecism",NA,"0"
"314","Sebastes viviparus","Sebastes viviparus","66.5","40","c(11800, NA, 23200, 29300, 9082, NA)",NA,"NA","10","20","NA","dioecism",NA,"0"
"315","Sebastiscus marmoratus","Sebastiscus marmoratus","36.2","NA","NA","one clear seasonal peak per year","NA","8","NA","NA","dioecism","c(NA, NA)","-1"
"316","Semicossyphus darwini","Semicossyphus darwini","70","NA","NA",NA,"NA","NA","NA","NA","dioecism",NA,"0"
"317","Semicossyphus pulcher","Semicossyphus pulcher","91","53","3e+05",NA,"NA","NA","NA","3","protogyny",NA,"0"
"318","Seriola dumerili","Seriola dumerili","190","15","NA","one clear seasonal peak per year","NA","c(80, 61, 75, NA)","c(3, 2, 3, NA)","4","dioecism","c(NA, NA, NA)","-1"
"319","Seriola lalandi","Seriola lalandi","250","12","NA",NA,"NA","50.6","2","4","dioecism","c(NA, ""shelf"")","-1"
"320","Seriola quinqueradiata","Seriola quinqueradiata","150","NA","NA",NA,"NA","NA","NA","4","dioecism",NA,"0"
"321","Seriola rivoliana","Seriola rivoliana","160","NA","NA",NA,"NA","NA","NA","4","dioecism",NA,"0"
"322","Serranus atricauda","Serranus atricauda","43.2","16","NA",NA,"NA","NA","NA","NA",NA,NA,"NA"
"323","Serranus cabrilla","Serranus cabrilla","40","NA","NA","one clear seasonal peak per year","NA","c(NA, 13.6, NA, 10, NA)","c(NA, NA, NA, NA, NA)","NA","dioecism","c(NA, NA, NA, NA, NA, NA, ""coastal"", NA, NA, NA, NA, NA, NA)","0"
"324","Serranus hepatus","Serranus hepatus","25","NA","NA",NA,"NA","NA","NA","NA","true hermaphroditism","c(NA, ""coastal"")","0"
"325","Serranus scriba","Serranus scriba","36","16","NA","one clear seasonal peak per year","NA","16.3","NA","NA","dioecism",NA,"0"
"326","Siganus fuscescens","Siganus fuscescens","40","NA","c(NA, NA)",NA,"NA","c(NA, NA)","c(NA, NA)","2","dioecism","c(NA, ""coastal"")","-1"
"327","Siganus spinus","Siganus spinus","28","NA","NA",NA,"NA","NA","NA","2","dioecism",NA,"0"
"328","Sillago japonica","Sillago japonica","30","NA","NA",NA,"NA","NA","NA","3","dioecism",NA,"0"
"329","Sillago parvisquamis","Sillago parvisquamis","30","NA","NA",NA,"NA","NA","NA","3","dioecism","coastal","0"
"330","Siphamia tubifer","Siphamia tubifer","7","NA","NA",NA,"NA","NA","NA","NA","dioecism",NA,"0"
"331","Solea senegalensis","Solea senegalensis","60","NA","NA",NA,"NA","NA","NA","1","dioecism",NA,"0"
"332","Solea solea","Solea solea","70","26.4","c(NA, NA, NA, NA, NA, NA, NA, NA)","one clear seasonal peak per year","NA","c(NA, NA, NA, NA, 23, NA, NA, NA, 23, 26.5, NA, 30, NA, NA, 24, NA, NA, NA, NA, NA, 25, NA, NA)","c(NA, NA, NA, NA, NA, NA, NA, NA, 3, 3, NA, 3, NA, NA, 2, NA, NA, NA, NA, NA, NA, NA, NA)","1","dioecism","c(NA, ""coastal"", NA, NA, NA, NA, NA, ""coastal"", ""coastal"")","-1"
"333","Sparus aurata","Sparus aurata","70","11","NA",NA,"NA","c(33, 20, 27)","c(2, 1, NA)","3","protandry","c(""coastal"", NA, NA)","0"
"334","Sphyrna lewini","Sphyrna lewini","430","35","c(NA, NA, NA, 40)",NA,"NA","c(250, 180, 140, NA, NA, 185, 200, 140, NA, 220, 165, 240, NA, NA, NA, 140, 200, 128)","c(15, 10, NA, NA, NA, NA, NA, NA, NA, NA, NA, NA, NA, NA, NA, 3, NA, NA)","NA","dioecism","c(NA, NA)","0"
"335","Spinachia spinachia","Spinachia spinachia","22","NA","NA",NA,"NA","NA","NA","1","dioecism","coastal","0"
"336","Sprattus fuegensis","Sprattus fuegensis","18","NA","NA",NA,"NA","NA","NA","NA","dioecism",NA,"0"
"337","Sprattus sprattus","Sprattus sprattus","16","6","c(NA, NA, NA, NA, NA, NA, NA, NA, NA, NA, NA, NA, NA, NA)","Variable throughout range","NA","c(NA, 11, 8, 10, NA, NA, NA, 8.8, NA, NA, NA, NA, NA, NA, NA, NA)","c(NA, NA, NA, NA, NA, NA, NA, NA, NA, NA, 2, NA, 1, NA, NA, NA)","3","dioecism","c(""coastal"", NA, NA, NA, ""coastal"", ""coastal"")","-1"
"338","Squalus acanthias","Squalus acanthias","95","75","c(NA, NA, NA, NA, NA, NA, NA, NA)",NA,"NA","c(70, 59, 59, 73, 76, 74, 71, NA, NA, NA, NA, NA, NA, NA, NA, NA, NA, NA, 69, 55, NA)","c(10, 11, NA, 7, NA, 7, NA, NA, NA, NA, NA, NA, NA, NA, NA, NA, NA, NA, NA, NA, NA)","1","dioecism",NA,"0"
"339","Squalus blainville","Squalus blainville","100","NA","3","throughout the year, but peaking once","NA","c(60, 50, 57, 45, NA, NA)","c(NA, NA, NA, NA, NA, NA)","1","dioecism",NA,"0"
"340","Stegastes partitus","Stegastes partitus","10","NA","NA",NA,"NA","NA","NA","1","dioecism",NA,"0"
"341","Stephanolepis cirrhifer","Stephanolepis cirrhifer","30","NA","NA",NA,"NA","NA","NA","NA",NA,"coastal","NA"
"342","Symphodus melops","Symphodus melops","28","9","NA",NA,"NA","c(7, 13, 15)","c(2, 2, NA)","1","protogyny","c(NA, NA, NA)","0"
"343","Symphodus ocellatus","Symphodus ocellatus","12","5","NA","one clear seasonal peak per year","NA","c(NA, NA)","c(NA, 1)","1","protogyny","c(NA, NA)","0"
"344","Symphodus tinca","Symphodus tinca","44","15","NA","one clear seasonal peak per year","NA","c(NA, NA, 11.5, 10.8)","c(NA, 2, NA, NA)","1","protogyny","c(""coastal"", NA, ""coastal"")","0"
"345","Syngnathus auliscus","Syngnathus auliscus","18","NA","NA",NA,"NA","NA","NA","1","dioecism",NA,"-1"
"346","Syngnathus floridae","Syngnathus floridae","26","NA","NA",NA,"NA","NA","NA","1","dioecism",NA,"-1"
"347","Syngnathus leptorhynchus","Syngnathus leptorhynchus","32.5","NA","NA",NA,"NA","NA","NA","1","dioecism","c(NA, NA)","-1"
"348","Syngnathus scovelli","Syngnathus scovelli","18.3","3","143",NA,"NA","c(7.4, 6.6)","c(NA, NA)","1","dioecism",NA,"-1"
"349","Syngnathus typhle","Syngnathus typhle","35","NA","100",NA,"NA","NA","1","1","dioecism","coastal","-1"
"350","Thalassoma bifasciatum","Thalassoma bifasciatum","25","3","NA",NA,"NA","NA","NA","NA","protogyny",NA,"0"
"351","Thamnaconus modestus","Thamnaconus modestus","36","NA","NA",NA,"NA","16","NA","NA",NA,"coastal","NA"
"352","Thamnaconus septentrionalis","Thamnaconus septentrionalis","23","NA","NA",NA,"NA","NA","NA","NA",NA,NA,"NA"
"353","Thunnus alalunga","Thunnus alalunga","140","9","c(NA, NA, NA, NA)",NA,"NA","c(94, 90, 94, 97, NA, 90, NA, NA, 85, 50, 95, NA, NA)","c(NA, NA, 5, NA, 5, NA, NA, NA, NA, NA, 4, NA, NA)","3","dioecism","c(""oceanic"", NA, NA, NA, ""oceanic"")","-1"
"354","Thunnus albacares","Thunnus albacares","239","9","c(NA, NA, NA, NA, NA)","Throughout the year, but peaking once","NA","c(50, 101, 120, 120, NA, NA, 78)","c(1, 2, 3.5, 5, NA, NA, NA)","3","dioecism","c(NA, ""coastal"", ""coastal"", ""coastal"", ""coastal"", NA, NA, NA, NA, NA, ""coastal"", NA, NA)","-1"
"355","Thunnus atlanticus","Thunnus atlanticus","107.95","NA","NA",NA,"NA","c(NA, NA, NA, 50, NA, NA)","c(NA, NA, NA, NA, NA, NA)","3","dioecism","c(""oceanic"", ""oceanic"")","0"
"356","Thunnus obesus","Thunnus obesus","250","11","c(NA, NA)","Variable throughout range","NA","c(130, 100, NA, 100, 67, 91)","c(NA, NA, NA, 3, NA, 3)","3","dioecism","c(NA, NA, NA, NA)","-1"
"357","Thunnus orientalis","Thunnus orientalis","300","15","1e+07",NA,"NA","NA","3","NA",NA,"oceanic","NA"
"358","Thunnus thynnus","Thunnus thynnus","458","32","c(NA, NA, NA, NA)","variable throughout range","NA","c(NA, NA, 97, 105, 120, 200, NA)","c(4, NA, NA, NA, 4, 8, NA)","1","dioecism","c(NA, NA)","-1"
"359","Totoaba macdonaldi","Totoaba macdonaldi","200","24","NA",NA,"NA","c(NA, NA)","c(NA, NA)","NA",NA,NA,"NA"
"360","Trachinops caudimaculatus","Trachinops caudimaculatus","15","NA","NA",NA,"NA","NA","NA","1","dioecism",NA,"0"
"361","Trachinotus carolinus","Trachinotus carolinus","64","NA","NA",NA,"NA","c(25, 23)","c(NA, NA)","4","dioecism",NA,"0"
"362","Trachinotus falcatus","Trachinotus falcatus","122","23","NA",NA,"NA","c(47.6, 44.9)","c(3, 3)","1","dioecism","c(""coastal"", ""coastal"")","0"
"363","Trachinotus goodei","Trachinotus goodei","50","NA","NA",NA,"NA","NA","NA","4","dioecism",NA,"0"
"364","Trachurus japonicus","Trachurus japonicus","50","12","48500",NA,"NA","18","NA","4","dioecism",NA,"0"
"365","Trachurus murphyi","Trachurus murphyi","70","16","NA",NA,"NA","c(36, 39, 31)","c(NA, NA, NA)","4","dioecism",NA,"0"
"366","Trachurus trachurus","Trachurus trachurus","70","NA","c(NA, NA, NA, NA, NA, NA, NA, NA, NA, NA, NA, NA, NA, NA)","one clear seasonal peak per year","NA","c(NA, NA, NA, 21, NA, NA, 23, 22, NA, NA, NA, NA, 33, 18, 26, 20, NA, 25, 24, NA, NA, NA)","c(NA, NA, NA, 2.5, NA, NA, 4, 3, NA, NA, NA, NA, 4, NA, NA, NA, NA, 3, 3.5, NA, NA, NA)","4","dioecism","c(NA, ""shelf"", NA, NA)","-1"
"367","Trematomus bernacchii","Trematomus bernacchii","28","10","c(NA, NA, NA, NA, NA)","one clear seasonal peak per year","NA","c(17.5, 13)","c(5, 3)","NA","dioecism","c(NA, ""shelf"", NA, NA, NA, NA)","0"
"368","Trematomus eulepidotus","Trematomus eulepidotus","34","NA","c(NA, NA, NA, NA)",NA,"NA","18.5","NA","NA","dioecism","shelf","0"
"369","Trematomus hansoni","Trematomus hansoni","41","NA","c(NA, NA, NA, NA, NA)","one clear seasonal peak per year","NA","NA","NA","NA","dioecism","c(""shelf"", ""shelf"", NA, NA)","0"
"370","Trematomus newnesi","Trematomus newnesi","20","NA","2300",NA,"NA","NA","NA","NA","dioecism",NA,"0"
"371","Trematomus scotti","Trematomus scotti","16","NA","NA",NA,"NA","NA","NA","NA","dioecism","c(""shelf"", NA)","0"
"372","Triakis megalopterus","Triakis megalopterus","142","NA","6",NA,"NA","c(140, NA)","c(NA, NA)","NA","dioecism",NA,"0"
"373","Tripterygion delaisi","Tripterygion delaisi","8.9","NA","NA",NA,"NA","NA","NA","1","dioecism",NA,"0"
"374","Urobatis halleri","Urobatis halleri","58","NA","NA",NA,"NA","NA","NA","NA","dioecism",NA,"0"
"375","Urophycis tenuis","Urophycis tenuis","133","23","1e+06",NA,"NA","c(48, 40, NA, NA, NA, NA, NA, NA)","c(NA, NA, NA, NA, NA, NA, NA, NA)","3","dioecism","c(NA, NA)","0"
"376","Verasper moseri","Verasper moseri","70","NA","NA",NA,"NA","NA","NA","1","dioecism","coastal","0"
"377","Verasper variegatus","Verasper variegatus","60","NA","NA",NA,"NA","NA","NA","1","dioecism","coastal","0"
"378","Zearaja chilensis","Zearaja chilensis","210","NA","NA",NA,"NA","c(97, 98, 79, 76)","c(10, 11, 7, 7)","3","dioecism",NA,"0"
"379","Zearaja maugeana","Zearaja maugeana","70.6","NA","NA",NA,"NA","NA","NA","NA",NA,NA,"NA"
"380","Zebrasoma flavescens","Zebrasoma flavescens","20","NA","1176224","throughout the year, but peaking once","NA","NA","NA","3","dioecism","coastal","-1"
"381","Zoarces viviparus","Zoarces viviparus","52","10","NA",NA,"NA","16","2","NA","dioecism",NA,"0"
"382","Zosterisessor ophiocephalus","Zosterisessor ophiocephalus","29.9","5","c(NA, NA)","one clear seasonal peak per year","NA","NA","2","1","dioecism","c(""estuarine"", NA, ""coastal"", ""coastal"")","-1"
