"","spp","CommonName","Source","Country","Site","lat","lon","stockid","CollectionYear","MarkerName","n","bp","He","Hese","Pi","Pise","file","X.y","fbsci","maxlength","mortalitywild","fecundity","fecundity_mean","maturitylength","maturitylength_mean","maturityage","maturityage_mean","numberofspawningcycles","reproductiveseasonlength","fertilization","reproductionmode","spawningground","batchspawner","parentalcare","larvaesize","larvae_mean"
"2","Acanthocybium solandri","Wahoo","Garber, Tringali & Franks 2005","United States","Atlantic Ocean off North Carolina",34.8,-70,NA,"2000/2001","control region",23,890,1,NA,0.053,NA,"mtdna101",2,"Acanthocybium solandri",250,NA,"6000000",6e+06,"c(NA, NA, 85, NA, 86, NA)",85.5,"c(NA, 1, NA, NA, 1, 1)",1,NA,NA,"external","dioecism","c(NA, NA, NA, NA, NA, NA)",0,3,NA,NA
"3","Acanthocybium solandri","Wahoo","Garber, Tringali & Franks 2005","United States","East Central Florida",28.304,-75,NA,"2001","control region",30,890,1,NA,0.055,NA,"mtdna101",2,"Acanthocybium solandri",250,NA,"6000000",6e+06,"c(NA, NA, 85, NA, 86, NA)",85.5,"c(NA, 1, NA, NA, 1, 1)",1,NA,NA,"external","dioecism","c(NA, NA, NA, NA, NA, NA)",0,3,NA,NA
"4","Acanthocybium solandri","Wahoo","Garber, Tringali & Franks 2005","United States","Northern Gulf of Mexico",29.229,-84,NA,"1998-2000","control region",54,890,0.999,NA,0.055,NA,"mtdna101",2,"Acanthocybium solandri",250,NA,"6000000",6e+06,"c(NA, NA, 85, NA, 86, NA)",85.5,"c(NA, 1, NA, NA, 1, 1)",1,NA,NA,"external","dioecism","c(NA, NA, NA, NA, NA, NA)",0,3,NA,NA
"5","Acanthocybium solandri","Wahoo","Garber, Tringali & Franks 2005","United States","Southern tip of Florida",25.205,-76,NA,"2000/2001","control region",21,890,0.995,NA,0.049,NA,"mtdna101",2,"Acanthocybium solandri",250,NA,"6000000",6e+06,"c(NA, NA, 85, NA, 86, NA)",85.5,"c(NA, 1, NA, NA, 1, 1)",1,NA,NA,"external","dioecism","c(NA, NA, NA, NA, NA, NA)",0,3,NA,NA
"10","Aetobatus narinari","Spotted eagle ray","Sellas et al. 2015 Journal of Heredity 266-275","USA","Florida",27.344437,-82.567594,NA,"2009-2011","cytb",169,580,0.71,NA,0.0024,NA,"mtdna102",7,"Aetobatus narinari",330,NA,"1",1,"c(NA, 110, NA)",110,"c(4, NA, NA)",4,"no obvious seasonal peak","2 months","internal (oviduct)","dioecism",NA,0,NA,NA,NA
"17","Anoplopoma fimbria","Sablefish","Tripp-Valdez et. al 2012 Journal of Applied Ichthyology 28:516-523","USA","OR",45.8355555555556,-124.801666666667,"SABLEFPCOAST","","cytochrome c oxidase subunit I",13,353,0.5,0.037719613,0.0015,0.00011094,"mtdna101",14,"Anoplopoma fimbria",120,94,"c(NA, 1e+05, 241200)",170600,"c(NA, NA, 58, NA, 60, NA, NA)",59,"c(NA, NA, NA, NA, 5, NA, NA)",5,NA,NA,"external","dioecism","c(NA, ""coastal"", ""oceanic"", ""shelf"")",0,3,"6",6
"22","Balistes capriscus","Grey triggerfish","Antoni et al. 2011 North American Journal of Fisheries 31:714-721","USA","Louisiana",27,-91,"GTRIGGM","2008.5","ND4",29,617,0.81505,NA,0.00345,NA,"mtdna101",19,"Balistes capriscus",60,NA,NA,772415,"c(13, NA, NA, NA, NA, NA, NA)",13,"c(NA, NA, NA, NA, NA, NA, NA)",NA,"one clear seasonal peak per year",NA,"external","dioecism","c(""coastal"", ""coastal"", ""coastal"", ""coastal"", ""coastal"")",0,1,NA,NA
"23","Balistes capriscus","Grey triggerfish","Antoni et al. 2011 North American Journal of Fisheries 31:714-721","USA","South-eastern Florida",26.0833333333333,-80,NA,"2008.5","ND4",29,617,0.90726,NA,0.00403,NA,"mtdna101",19,"Balistes capriscus",60,NA,NA,772415,"c(13, NA, NA, NA, NA, NA, NA)",13,"c(NA, NA, NA, NA, NA, NA, NA)",NA,"one clear seasonal peak per year",NA,"external","dioecism","c(""coastal"", ""coastal"", ""coastal"", ""coastal"", ""coastal"")",0,1,NA,NA
"24","Balistes capriscus","Grey triggerfish","Antoni et al. 2011 North American Journal of Fisheries 31:714-721","USA","South Carolina",33.0833333333333,-79,NA,"2008.5","ND4",29,617,0.88736,NA,0.00393,NA,"mtdna101",19,"Balistes capriscus",60,NA,NA,772415,"c(13, NA, NA, NA, NA, NA, NA)",13,"c(NA, NA, NA, NA, NA, NA, NA)",NA,"one clear seasonal peak per year",NA,"external","dioecism","c(""coastal"", ""coastal"", ""coastal"", ""coastal"", ""coastal"")",0,1,NA,NA
"25","Balistes capriscus","Grey triggerfish","Antoni et al. 2011 North American Journal of Fisheries 31:714-721","USA","South Texas",26.0188888888889,-97.0011111111111,"GTRIGGM","2008.5","ND4",29,617,0.89195,NA,0.00451,NA,"mtdna101",19,"Balistes capriscus",60,NA,NA,772415,"c(13, NA, NA, NA, NA, NA, NA)",13,"c(NA, NA, NA, NA, NA, NA, NA)",NA,"one clear seasonal peak per year",NA,"external","dioecism","c(""coastal"", ""coastal"", ""coastal"", ""coastal"", ""coastal"")",0,1,NA,NA
"26","Balistes capriscus","Grey triggerfish","Antoni et al. 2011 North American Journal of Fisheries 31:714-721","USA","West Florida",30.150349,-86.485161,"GTRIGGM","2008.5","ND4",29,617,0.87957,NA,0.003386,NA,"mtdna101",19,"Balistes capriscus",60,NA,NA,772415,"c(13, NA, NA, NA, NA, NA, NA)",13,"c(NA, NA, NA, NA, NA, NA, NA)",NA,"one clear seasonal peak per year",NA,"external","dioecism","c(""coastal"", ""coastal"", ""coastal"", ""coastal"", ""coastal"")",0,1,NA,NA
"33","Beryx decadactylus","Alfonsino","Friess & Sedberry 2011 Journal of Fish Biology 78:466-478","United States","Charleston Bump ",32.0936,-75.9942,NA,"2005","control region",141,403,0.799,NA,0.0041,NA,"mtdna101",26,"Beryx decadactylus",100,NA,NA,NA,NA,NA,NA,NA,NA,NA,"external","dioecism",NA,0,NA,NA,NA
"47","Centropristis striata","Black seabass","Roy et. al 2012 Marine and Coastal Fisheries: Dynamics, Management, and Ecosystem Service 4:391-402","USA","CT",41.1,-72.8,"BSBASSMATLC","","control region",13,342,0.641,0.041602515,0.002,0.0005547,"mtdna101",40,"Centropristis striata",66,20,NA,280000,"c(NA, NA, 11.8)",11.8,"c(NA, NA, NA)",NA,NA,NA,"external","protogyny",NA,0,3,NA,NA
"48","Centropristis striata","Black seabass","Roy et. al 2012 Marine and Coastal Fisheries: Dynamics, Management, and Ecosystem Service 4:391-402","USA","FL",27.7,-80.4,NA,"","control region",53,342,0.861,0.005494423,0.007,0.000686803,"mtdna101",40,"Centropristis striata",66,20,NA,280000,"c(NA, NA, 11.8)",11.8,"c(NA, NA, NA)",NA,NA,NA,"external","protogyny",NA,0,3,NA,NA
"49","Centropristis striata","Black seabass","Roy et. al 2012 Marine and Coastal Fisheries: Dynamics, Management, and Ecosystem Service 4:391-402","USA","GA",31.6,-80.7,NA,"","control region",40,342,0.887,0.006798897,0.008,0.000790569,"mtdna101",40,"Centropristis striata",66,20,NA,280000,"c(NA, NA, 11.8)",11.8,"c(NA, NA, NA)",NA,NA,NA,"external","protogyny",NA,0,3,NA,NA
"50","Centropristis striata","Black seabass","Roy et. al 2012 Marine and Coastal Fisheries: Dynamics, Management, and Ecosystem Service 4:391-402","USA","GoM",29.5,-84.7,NA,"","control region",57,342,0.999,0.000529813,0.015,0.001059626,"mtdna101",40,"Centropristis striata",66,20,NA,280000,"c(NA, NA, 11.8)",11.8,"c(NA, NA, NA)",NA,NA,NA,"external","protogyny",NA,0,3,NA,NA
"51","Centropristis striata","Black seabass","Roy et. al 2012 Marine and Coastal Fisheries: Dynamics, Management, and Ecosystem Service 4:391-402","USA","NC",34.3,-77.4,NA,"","control region",56,342,0.87,0.005077964,0.006,0.000534522,"mtdna101",40,"Centropristis striata",66,20,NA,280000,"c(NA, NA, 11.8)",11.8,"c(NA, NA, NA)",NA,NA,NA,"external","protogyny",NA,0,3,NA,NA
"52","Centropristis striata","Black seabass","Roy et. al 2012 Marine and Coastal Fisheries: Dynamics, Management, and Ecosystem Service 4:391-402","USA","NJ",39.5,-73.8,"BSBASSMATLC","","control region",28,342,0.442,0.021921939,0.003,0.000377964,"mtdna101",40,"Centropristis striata",66,20,NA,280000,"c(NA, NA, 11.8)",11.8,"c(NA, NA, NA)",NA,NA,NA,"external","protogyny",NA,0,3,NA,NA
"53","Centropristis striata","Black seabass","Roy et. al 2012 Marine and Coastal Fisheries: Dynamics, Management, and Ecosystem Service 4:391-402","USA","OI",35.8,-75.4,"BSBASSMATLC","","control region",8,342,0.25,0.06363961,0.001,0.000353553,"mtdna101",40,"Centropristis striata",66,20,NA,280000,"c(NA, NA, 11.8)",11.8,"c(NA, NA, NA)",NA,NA,NA,"external","protogyny",NA,0,3,NA,NA
"54","Centropristis striata","Black seabass","Roy et. al 2012 Marine and Coastal Fisheries: Dynamics, Management, and Ecosystem Service 4:391-402","USA","SC32",32.3,-79.7,NA,"","control region",39,342,0.815,0.009767817,0.006,0.000640513,"mtdna101",40,"Centropristis striata",66,20,NA,280000,"c(NA, NA, 11.8)",11.8,"c(NA, NA, NA)",NA,NA,NA,"external","protogyny",NA,0,3,NA,NA
"55","Centropristis striata","Black seabass","Roy et. al 2012 Marine and Coastal Fisheries: Dynamics, Management, and Ecosystem Service 4:391-402","USA","SC33",33.3,-78.7,NA,"","control region",40,342,0.846,0.008063808,0.005,0.000474342,"mtdna101",40,"Centropristis striata",66,20,NA,280000,"c(NA, NA, 11.8)",11.8,"c(NA, NA, NA)",NA,NA,NA,"external","protogyny",NA,0,3,NA,NA
"56","Centropristis striata","Black seabass","Roy et. al 2012 Marine and Coastal Fisheries: Dynamics, Management, and Ecosystem Service 4:391-402","USA","VA",36.9,-75.5,"BSBASSMATLC","","control region",30,342,0.361,0.019900586,0.002,0.000365148,"mtdna101",40,"Centropristis striata",66,20,NA,280000,"c(NA, NA, 11.8)",11.8,"c(NA, NA, NA)",NA,NA,NA,"external","protogyny",NA,0,3,NA,NA
"75","Clupea pallasii pallasii","Pacific herring","Grant et al. 2012 Molecular Phylogenetics and Evolution 65:203-212","United States","Coastal Washington, NE Pacific ",47.7511,-124.6,NA,"2005","control region",84,463,0.98,0.000872872,0.0238,0.001320218,"mtdna101",59,"Clupea pallasii pallasii",46,19,"c(NA, 6300, 6300, 9000, NA, NA, NA)",7200,"c(NA, 21, 28, 24, 12, NA, NA, NA, NA, NA, NA, NA, NA, NA, NA, NA, NA, NA)",21.25,"c(2, NA, NA, NA, NA, NA, 2, NA, NA, NA, NA, NA, NA, NA, NA, NA, NA, NA)",2,"one clear seasonal peak per year","3.5 months","external","dioecism","c(NA, ""coastal"", ""estuarine"", NA, NA, NA, NA, NA)",-1,1,"5.6",5.6
"81","Cynoscion nebulosus","Spotted weakfish","Anderson and Karel 2009 Marine and Coastal Fisheries: Dynamics, Management, and Ecosystem Science 1:121-132","USA","AB",28,-96.9,NA,"2003-2005","control region",42,373,0.89,NA,0.006,NA,"mtdna101",65,"Cynoscion nebulosus",100,18,"c(NA, 102369, NA)",102369,"c(NA, NA, 21, 24.7)",22.85,"c(NA, NA, 1, NA)",1,NA,"5 months","external","dioecism","c(""coastal"", ""coastal"")",-1,3,NA,NA
"82","Cynoscion nebulosus","Spotted weakfish","Anderson and Karel 2009 Marine and Coastal Fisheries: Dynamics, Management, and Ecosystem Science 1:121-132","USA","CC",27.7,-97.2,NA,"2003-2005","control region",42,373,0.89,NA,0.007,NA,"mtdna101",65,"Cynoscion nebulosus",100,18,"c(NA, 102369, NA)",102369,"c(NA, NA, 21, 24.7)",22.85,"c(NA, NA, 1, NA)",1,NA,"5 months","external","dioecism","c(""coastal"", ""coastal"")",-1,3,NA,NA
"83","Cynoscion nebulosus","Spotted weakfish","Anderson and Karel 2009 Marine and Coastal Fisheries: Dynamics, Management, and Ecosystem Science 1:121-132","USA","EM",28.69,-95.8,NA,"2003-2005","control region",28,373,0.92,NA,0.007,NA,"mtdna101",65,"Cynoscion nebulosus",100,18,"c(NA, 102369, NA)",102369,"c(NA, NA, 21, 24.7)",22.85,"c(NA, NA, 1, NA)",1,NA,"5 months","external","dioecism","c(""coastal"", ""coastal"")",-1,3,NA,NA
"84","Cynoscion nebulosus","Spotted weakfish","Anderson and Karel 2009 Marine and Coastal Fisheries: Dynamics, Management, and Ecosystem Science 1:121-132","USA","LL",26.3,-97.27,NA,"2003-2005","control region",27,373,0.89,NA,0.007,NA,"mtdna101",65,"Cynoscion nebulosus",100,18,"c(NA, 102369, NA)",102369,"c(NA, NA, 21, 24.7)",22.85,"c(NA, NA, 1, NA)",1,NA,"5 months","external","dioecism","c(""coastal"", ""coastal"")",-1,3,NA,NA
"85","Cynoscion nebulosus","Spotted weakfish","Anderson and Karel 2009 Marine and Coastal Fisheries: Dynamics, Management, and Ecosystem Science 1:121-132","USA","MB",28.4,-96.35,NA,"2003-2005","control region",27,373,0.94,NA,0.007,NA,"mtdna101",65,"Cynoscion nebulosus",100,18,"c(NA, 102369, NA)",102369,"c(NA, NA, 21, 24.7)",22.85,"c(NA, NA, 1, NA)",1,NA,"5 months","external","dioecism","c(""coastal"", ""coastal"")",-1,3,NA,NA
"86","Cynoscion nebulosus","Spotted weakfish","Anderson and Karel 2009 Marine and Coastal Fisheries: Dynamics, Management, and Ecosystem Science 1:121-132","USA","SB",28.27,-96.7,NA,"2003-2005","control region",40,373,0.9,NA,0.007,NA,"mtdna101",65,"Cynoscion nebulosus",100,18,"c(NA, 102369, NA)",102369,"c(NA, NA, 21, 24.7)",22.85,"c(NA, NA, 1, NA)",1,NA,"5 months","external","dioecism","c(""coastal"", ""coastal"")",-1,3,NA,NA
"87","Cynoscion nebulosus","Spotted weakfish","Anderson and Karel 2009 Marine and Coastal Fisheries: Dynamics, Management, and Ecosystem Science 1:121-132","USA","SL",29.8,-93.8,NA,"2003-2005","control region",44,373,0.75,NA,0.005,NA,"mtdna101",65,"Cynoscion nebulosus",100,18,"c(NA, 102369, NA)",102369,"c(NA, NA, 21, 24.7)",22.85,"c(NA, NA, 1, NA)",1,NA,"5 months","external","dioecism","c(""coastal"", ""coastal"")",-1,3,NA,NA
"88","Cynoscion nebulosus","Spotted weakfish","Anderson and Karel 2009 Marine and Coastal Fisheries: Dynamics, Management, and Ecosystem Science 1:121-132","USA","UL",27.25,-97.4,NA,"2003-2005","control region",30,373,0.87,NA,0.006,NA,"mtdna101",65,"Cynoscion nebulosus",100,18,"c(NA, 102369, NA)",102369,"c(NA, NA, 21, 24.7)",22.85,"c(NA, NA, 1, NA)",1,NA,"5 months","external","dioecism","c(""coastal"", ""coastal"")",-1,3,NA,NA
"101","Engraulis eurystole","Silver anchovy","Silva, Horne & Castilho 2014 J. Biogeogr. 41:1171-1182","USA","USA",41.5,-66.1,NA,"2006","cytb",12,1045,0.909,NA,0.004,NA,"mtdna102",78,"Engraulis eurystole",15.5,NA,NA,NA,NA,NA,NA,NA,NA,"2 months","external","dioecism",NA,-1,1,"2",2
"105","Epinephelus itajara","Atlantic goliath grouper","Craig et. al 2008 Endangered Species Research Preprint 1-8","USA","Florida",25.9166666666667,-81.6333333333333,NA,"","16S",30,590,0.303,NA,6e-04,NA,"mtdna101",82,"Epinephelus itajara",250,37,NA,NA,"c(NA, NA)",NA,"c(NA, NA)",NA,NA,NA,"external","protogyny","c(NA, ""coastal"")",0,3,NA,NA
"107","Epinephelus striatus","Nassau grouper","Jackson et al. 2014 PLoS ONE 9:e97508","USA","Florida Keys",24.766114,-80.982893,NA,"1994","ATPase, cytb",31,1419,0.817,NA,0.0011,NA,"mtdna102",84,"Epinephelus striatus",122,29,NA,NA,NA,NA,NA,NA,"one clear seasonal peak per year","2.5 months","external","protogyny","c(NA, ""shelf"", NA, NA, NA, NA, ""coastal"")",0,3,NA,NA
"119","Gadus macrocephalus","Pacific cod","Canino et al. 2010 Molecular Ecology 19:4339-4351","USA","Coastal Washington",47.0847222222222,-125.050833333333,NA,"2005","ND2, cytb",37,1509,0.9745,NA,0.003,NA,"mtdna101",96,"Gadus macrocephalus",119,25,"c(1e+06, 860000, 3e+06, 1500000, 1200000, NA, NA)",1512000,"c(50, 50, 67, 40, 40, NA, 65, 60, 65, 60, 60, 55, 60, 55, 55, 50, NA, NA)",55.46666667,"c(3, 3, 5, 2, 2, NA, 5, 5, 5, 5, 5, 5, 5, 5, 4, 3, NA, 3)",4.0625,"one clear seasonal peak per year","2.7 months","external","dioecism","c(NA, NA, NA, NA, NA, NA, NA)",0,1,"3.5",3.5
"120","Gadus macrocephalus","Pacific cod","Canino et al. 2010 Molecular Ecology 19:4339-4351","USA","Puget Sound",47.583333,-122.5,NA,"2006","ND2, cytb",32,1509,0.9456,NA,0.004,NA,"mtdna101",96,"Gadus macrocephalus",119,25,"c(1e+06, 860000, 3e+06, 1500000, 1200000, NA, NA)",1512000,"c(50, 50, 67, 40, 40, NA, 65, 60, 65, 60, 60, 55, 60, 55, 55, 50, NA, NA)",55.46666667,"c(3, 3, 5, 2, 2, NA, 5, 5, 5, 5, 5, 5, 5, 5, 4, 3, NA, 3)",4.0625,"one clear seasonal peak per year","2.7 months","external","dioecism","c(NA, NA, NA, NA, NA, NA, NA)",0,1,"3.5",3.5
"121","Gadus macrocephalus","Pacific cod","Canino et al. 2010 Molecular Ecology 19:4339-4351","USA","Strait of Georgia",48.9,-123.1,"PCODWCVANI","2003","ND2, cytb",35,1509,0.9529,NA,0.004,NA,"mtdna101",96,"Gadus macrocephalus",119,25,"c(1e+06, 860000, 3e+06, 1500000, 1200000, NA, NA)",1512000,"c(50, 50, 67, 40, 40, NA, 65, 60, 65, 60, 60, 55, 60, 55, 55, 50, NA, NA)",55.46666667,"c(3, 3, 5, 2, 2, NA, 5, 5, 5, 5, 5, 5, 5, 5, 4, 3, NA, 3)",4.0625,"one clear seasonal peak per year","2.7 months","external","dioecism","c(NA, NA, NA, NA, NA, NA, NA)",0,1,"3.5",3.5
"122","Gadus morhua","Atlantic cod","Lait, Marshall & Carr 2018 Ecology and Evolution 8:6420-6437","USA","Georges Bank",41.066253,-68.564823,NA,"1995","mitogenome",10,16575,1,NA,0.0022,NA,"mtdna102",97,"Gadus morhua",200,25,"c(2700000, 2500000, 5e+05, 5e+05, NA, NA, NA, 1576000, 2963683, 2732327, 285000, NA, NA, NA, 544000, 131209, 265600, 230000, 14000, 145300, 23171, 145500, 309900, NA, NA, NA, NA, NA, NA, NA, NA, NA, NA, NA)",915628.8235,"c(NA, NA, NA, NA, NA, 52, 50, NA, NA, NA, NA, NA, NA, NA, NA, NA, NA, NA, 70, 70, 50, 70, 75, 38.5, 60, 42.5, NA, NA, NA, NA, NA, NA, NA, 51, 81, 71, 41, 51, 46, 31.4, 31, NA, NA, NA, NA, NA, NA, NA, NA, NA, NA, NA, NA, NA, NA, NA, NA, NA, NA, NA, NA, NA, NA, NA, 35, 20, 45, NA, NA, NA, NA, NA, NA, 50, 41, 34, NA, NA, NA, NA, NA, NA, NA, NA, NA, NA, NA, NA, NA, NA, NA, NA, NA, NA, NA, NA, NA, NA, NA, NA, NA, NA, 58.7, NA, NA, NA, NA, NA, 64, 48, NA)",51.0037037,"c(NA, 2, 4, NA, NA, 5, 5, 2.5, 7, 6, 6, 3, NA, NA, NA, NA, NA, NA, 6, 6, 3, 6, 7, 2.5, 3, 2.5, NA, NA, NA, NA, NA, 5, 3, NA, NA, NA, NA, NA, NA, 4, 4, 3, NA, NA, NA, NA, NA, NA, NA, NA, NA, NA, NA, NA, NA, NA, NA, NA, NA, NA, NA, NA, NA, NA, NA, NA, 3, 1, 2, NA, NA, 2, NA, 2, 2, 2, 2, 3, NA, NA, NA, NA, NA, NA, NA, NA, NA, NA, NA, NA, NA, NA, NA, NA, NA, NA, NA, NA, NA, NA, NA, NA, 5, NA, 3, 3, NA, NA, 3, 2, NA)",3.625,"one clear seasonal peak per year","3.9 monts","external","dioecism","c(NA, NA, NA, ""shelf"", NA, NA, ""coastal"", NA, ""coastal"", NA, NA, NA, NA, NA, NA, NA, NA, NA, ""shelf"", ""coastal"", ""coastal"", NA, NA, NA, NA, ""coastal"", NA, ""coastal"", ""coastal"", NA, ""coastal"")",-1,1,"3.3",3.3
"125","Ginglymostoma cirratum","Nurse shark","Karl et al. 2012 Marine Biology 159:489-498","USA","FLD",29.380941,-83.199384,NA,"","control region, cytochrome c oxidase subunit I",37,1166,0.16,NA,1e-04,NA,"mtdna101",100,"Ginglymostoma cirratum",430,25,"21",21,"c(230, 225)",227.5,"c(NA, NA)",NA,NA,NA,"internal (oviduct)","dioecism",NA,0,NA,NA,NA
"136","Hippocampus ingens","Pacific seahorse","Saarman et. al 2010 Conservation Genetics 11:1989-2000","USA","San Diego",34.18,-119.93,NA,"","control region",18,428,0.471,NA,0.0011,NA,"mtdna101",111,"Hippocampus ingens",30,NA,"400",400,NA,NA,"0.33",0.33,NA,NA,"in brood pouch or similar structure","dioecism","coastal",-1,1,"8.5",8.5
"141","Holocentrus adscensionis","Squirrelfish","Bowen et al. 2006 Marine Biology 149:899-913","USA","Florida",25.086,-81.841437,NA,"1990-1997","cytb",7,769,1,NA,0.005,NA,"mtdna101",116,"Holocentrus adscensionis",61,NA,NA,153069,"c(NA, NA)",NA,"c(NA, NA)",NA,NA,NA,"external","dioecism","c(NA, NA)",0,3,NA,NA
"153","Leuresthes tenuis","California grunion","Johnson et al. 2009 Copeia 3: 465-474","United States","Crown Memorial State Beach, CA (SF)",37.75,-122.25,NA,"2006","control region",21,957,0.895,0.061,0.002,0.001,"mtdna101",128,"Leuresthes tenuis",19,8,"18000",18000,"c(NA, NA, NA)",NA,"c(NA, NA, NA)",NA,"one clear seasonal peak per year",NA,"external","dioecism","c(""coastal"", ""coastal"")",-1,1,"6.5",6.5
"154","Leuresthes tenuis","California grunion","Johnson et al. 2009 Copeia 3: 465-474","United States","Doheny State Beach, CA (OC)",33.45,-117.6833,NA,"2006","control region",12,957,0.939,0.058,0.002,0.001,"mtdna101",128,"Leuresthes tenuis",19,8,"18000",18000,"c(NA, NA, NA)",NA,"c(NA, NA, NA)",NA,"one clear seasonal peak per year",NA,"external","dioecism","c(""coastal"", ""coastal"")",-1,1,"6.5",6.5
"155","Leuresthes tenuis","California grunion","Johnson et al. 2009 Copeia 3: 465-474","United States","Malibu Lagoon State Beach, CA (LA)",34.0333333333333,-118.6667,NA,"2006","control region",17,957,0.846,0.089,0.002,0.001,"mtdna101",128,"Leuresthes tenuis",19,8,"18000",18000,"c(NA, NA, NA)",NA,"c(NA, NA, NA)",NA,"one clear seasonal peak per year",NA,"external","dioecism","c(""coastal"", ""coastal"")",-1,1,"6.5",6.5
"159","Lutjanus analis","Mutton snapper","Carson et al. 2011 Fishery Bulletin 109:416-428","USA","Florida Keys",24.628389,-81.94968,"MUTSNAPSATLCGM","2008","ND4",27,590,0.835,NA,0.003,NA,"mtdna101",132,"Lutjanus analis",94,29,NA,NA,"c(40, 41, 38, NA, 31.2, 28, 29.5)",34.61666667,"c(NA, NA, NA, NA, NA, NA, NA)",NA,NA,"5.75 months","external","dioecism","c(NA, NA, NA, ""coastal"")",-1,1,NA,NA
"167","Makaira nigricans","Blue marlin","McDowell et al. 2007 Gulf and Caribbean Research 19:75-82","USA","Western North Atlantic, US mid-Atlantic",41.112,-69.688391,"BMARLINATL","1997","control region",15,904,1,NA,0.115,NA,"mtdna101",140,"Makaira nigricans",500,NA,NA,6094000,"c(50, 80)",65,"c(NA, NA)",NA,NA,"3 months","external","dioecism",NA,0,3,NA,NA
"168","Menidia menidia","Atlantic silverside","Mach et al. 2011 Marine Biology 158:515-530 ","USA","Broad Cove, ME",44.02,-69.24,NA,"2005.5","D-loop",39,340,0.33,NA,0.001,NA,"mtdna101",141,"Menidia menidia",15,2,"179",179,NA,NA,NA,NA,NA,"3.8 months","external","dioecism","c(""coastal"", NA, NA, NA, ""coastal"", NA)",-1,2,"3.85",3.85
"169","Menidia menidia","Atlantic silverside","Mach et al. 2011 Marine Biology 158:515-530 ","USA","Folly Beach, SC",32.43,-79.05,NA,"2006","D-loop",15,340,0.86,NA,0.005,NA,"mtdna101",141,"Menidia menidia",15,2,"179",179,NA,NA,NA,NA,NA,"3.8 months","external","dioecism","c(""coastal"", NA, NA, NA, ""coastal"", NA)",-1,2,"3.85",3.85
"170","Menidia menidia","Atlantic silverside","Mach et al. 2011 Marine Biology 158:515-530 ","USA","Hatteras Inlet, NC",35.11,-75.42,NA,"2006","D-loop",23,340,0.45,NA,0.002,NA,"mtdna101",141,"Menidia menidia",15,2,"179",179,NA,NA,NA,NA,NA,"3.8 months","external","dioecism","c(""coastal"", NA, NA, NA, ""coastal"", NA)",-1,2,"3.85",3.85
"171","Menidia menidia","Atlantic silverside","Mach et al. 2011 Marine Biology 158:515-530 ","USA","Jekyll Island, GA",31.03,-81.26,NA,"2006","D-loop",24,340,0.7,NA,0.004,NA,"mtdna101",141,"Menidia menidia",15,2,"179",179,NA,NA,NA,NA,NA,"3.8 months","external","dioecism","c(""coastal"", NA, NA, NA, ""coastal"", NA)",-1,2,"3.85",3.85
"172","Menidia menidia","Atlantic silverside","Mach et al. 2011 Marine Biology 158:515-530 ","USA","Kittery Point, ME",43.05,-70.4,NA,"2006","D-loop",22,340,0.55,NA,0.002,NA,"mtdna101",141,"Menidia menidia",15,2,"179",179,NA,NA,NA,NA,NA,"3.8 months","external","dioecism","c(""coastal"", NA, NA, NA, ""coastal"", NA)",-1,2,"3.85",3.85
"173","Menidia menidia","Atlantic silverside","Mach et al. 2011 Marine Biology 158:515-530 ","USA","Little River, SC",33.52,-78.36,NA,"2005","D-loop",20,340,0.84,NA,0.005,NA,"mtdna101",141,"Menidia menidia",15,2,"179",179,NA,NA,NA,NA,NA,"3.8 months","external","dioecism","c(""coastal"", NA, NA, NA, ""coastal"", NA)",-1,2,"3.85",3.85
"174","Menidia menidia","Atlantic silverside","Mach et al. 2011 Marine Biology 158:515-530 ","USA","Morehead City, NC",34.43,-76.41,NA,"2005.5","D-loop",39,340,0.58,NA,0.002,NA,"mtdna101",141,"Menidia menidia",15,2,"179",179,NA,NA,NA,NA,NA,"3.8 months","external","dioecism","c(""coastal"", NA, NA, NA, ""coastal"", NA)",-1,2,"3.85",3.85
"175","Menidia menidia","Atlantic silverside","Mach et al. 2011 Marine Biology 158:515-530 ","USA","Mt. Desert Island, ME",44.26,-68.2,NA,"2006","D-loop",23,340,0.25,NA,0.001,NA,"mtdna101",141,"Menidia menidia",15,2,"179",179,NA,NA,NA,NA,NA,"3.8 months","external","dioecism","c(""coastal"", NA, NA, NA, ""coastal"", NA)",-1,2,"3.85",3.85
"176","Menidia menidia","Atlantic silverside","Mach et al. 2011 Marine Biology 158:515-530 ","USA","Narragansett Bay, RI",41.38,-71.24,NA,"2006","D-loop",21,340,0.82,NA,0.004,NA,"mtdna101",141,"Menidia menidia",15,2,"179",179,NA,NA,NA,NA,NA,"3.8 months","external","dioecism","c(""coastal"", NA, NA, NA, ""coastal"", NA)",-1,2,"3.85",3.85
"177","Menidia menidia","Atlantic silverside","Mach et al. 2011 Marine Biology 158:515-530 ","USA","Oregon Inlet, NC",35.47,-75.31,NA,"2006","D-loop",23,340,0.8,NA,0.004,NA,"mtdna101",141,"Menidia menidia",15,2,"179",179,NA,NA,NA,NA,NA,"3.8 months","external","dioecism","c(""coastal"", NA, NA, NA, ""coastal"", NA)",-1,2,"3.85",3.85
"178","Menidia menidia","Atlantic silverside","Mach et al. 2011 Marine Biology 158:515-530 ","USA","Patchogue, NJ",40.45,-73,NA,"2005.5","D-loop",34,340,0.73,NA,0.004,NA,"mtdna101",141,"Menidia menidia",15,2,"179",179,NA,NA,NA,NA,NA,"3.8 months","external","dioecism","c(""coastal"", NA, NA, NA, ""coastal"", NA)",-1,2,"3.85",3.85
"179","Menidia menidia","Atlantic silverside","Mach et al. 2011 Marine Biology 158:515-530 ","USA","Patterson Park, MD",38.24,-76.31,NA,"2006","D-loop",23,340,0.46,NA,0.002,NA,"mtdna101",141,"Menidia menidia",15,2,"179",179,NA,NA,NA,NA,NA,"3.8 months","external","dioecism","c(""coastal"", NA, NA, NA, ""coastal"", NA)",-1,2,"3.85",3.85
"180","Menidia menidia","Atlantic silverside","Mach et al. 2011 Marine Biology 158:515-530 ","USA","Pawleys Island, SC",33.24,-79.08,NA,"2006","D-loop",23,340,0.85,NA,0.004,NA,"mtdna101",141,"Menidia menidia",15,2,"179",179,NA,NA,NA,NA,NA,"3.8 months","external","dioecism","c(""coastal"", NA, NA, NA, ""coastal"", NA)",-1,2,"3.85",3.85
"181","Menidia menidia","Atlantic silverside","Mach et al. 2011 Marine Biology 158:515-530 ","USA","Sandy Hook, NJ",40.25,-73.59,NA,"2006","D-loop",23,340,0.63,NA,0.003,NA,"mtdna101",141,"Menidia menidia",15,2,"179",179,NA,NA,NA,NA,NA,"3.8 months","external","dioecism","c(""coastal"", NA, NA, NA, ""coastal"", NA)",-1,2,"3.85",3.85
"182","Menidia menidia","Atlantic silverside","Mach et al. 2011 Marine Biology 158:515-530 ","USA","Sandy Pt Park, MD",39.01,-76.24,NA,"2006","D-loop",24,340,0.5,NA,0.002,NA,"mtdna101",141,"Menidia menidia",15,2,"179",179,NA,NA,NA,NA,NA,"3.8 months","external","dioecism","c(""coastal"", NA, NA, NA, ""coastal"", NA)",-1,2,"3.85",3.85
"183","Menidia menidia","Atlantic silverside","Mach et al. 2011 Marine Biology 158:515-530 ","USA","Silver Beach, VA",37.29,-75.57,NA,"2005.5","D-loop",33,340,0.54,NA,0.002,NA,"mtdna101",141,"Menidia menidia",15,2,"179",179,NA,NA,NA,NA,NA,"3.8 months","external","dioecism","c(""coastal"", NA, NA, NA, ""coastal"", NA)",-1,2,"3.85",3.85
"184","Menidia menidia","Atlantic silverside","Mach et al. 2011 Marine Biology 158:515-530 ","USA","St. Andrews, NB",45.05,-67.04,NA,"2005.5","D-loop",39,340,0.31,NA,0.001,NA,"mtdna101",141,"Menidia menidia",15,2,"179",179,NA,NA,NA,NA,NA,"3.8 months","external","dioecism","c(""coastal"", NA, NA, NA, ""coastal"", NA)",-1,2,"3.85",3.85
"185","Menidia menidia","Atlantic silverside","Mach et al. 2011 Marine Biology 158:515-530 ","USA","St. Augustine Beach, FL",29.41,-81.15,NA,"2005","D-loop",19,340,0.6,NA,0.003,NA,"mtdna101",141,"Menidia menidia",15,2,"179",179,NA,NA,NA,NA,NA,"3.8 months","external","dioecism","c(""coastal"", NA, NA, NA, ""coastal"", NA)",-1,2,"3.85",3.85
"186","Menidia menidia","Atlantic silverside","Mach et al. 2011 Marine Biology 158:515-530 ","USA","St. John, NB",45.13,-66.08,NA,"2006","D-loop",19,340,0.11,NA,0.001,NA,"mtdna101",141,"Menidia menidia",15,2,"179",179,NA,NA,NA,NA,NA,"3.8 months","external","dioecism","c(""coastal"", NA, NA, NA, ""coastal"", NA)",-1,2,"3.85",3.85
"187","Menidia menidia","Atlantic silverside","Mach et al. 2011 Marine Biology 158:515-530 ","USA","Tuckerton, NJ",39.24,-74.2,NA,"2005.5","D-loop",25,340,0.64,NA,0.004,NA,"mtdna101",141,"Menidia menidia",15,2,"179",179,NA,NA,NA,NA,NA,"3.8 months","external","dioecism","c(""coastal"", NA, NA, NA, ""coastal"", NA)",-1,2,"3.85",3.85
"188","Menidia menidia","Atlantic silverside","Mach et al. 2011 Marine Biology 158:515-530 ","USA","Tybee Island, GA",32,-80.57,NA,"2005.5","D-loop",39,340,0.76,NA,0.004,NA,"mtdna101",141,"Menidia menidia",15,2,"179",179,NA,NA,NA,NA,NA,"3.8 months","external","dioecism","c(""coastal"", NA, NA, NA, ""coastal"", NA)",-1,2,"3.85",3.85
"189","Menidia menidia","Atlantic silverside","Mach et al. 2011 Marine Biology 158:515-530 ","USA","Waquoit Bay, MA",41.35,-70.31,NA,"2005.5","D-loop",36,340,0.5,NA,0.002,NA,"mtdna101",141,"Menidia menidia",15,2,"179",179,NA,NA,NA,NA,NA,"3.8 months","external","dioecism","c(""coastal"", NA, NA, NA, ""coastal"", NA)",-1,2,"3.85",3.85
"192","Merluccius albidus","Offshore silver hake","Machado-Schiaffino et al. 2010 Molecular Phylogenetics and Evolution 55:552-558","USA","Ma-C",37.5,-74,NA,"2003","control region",28,900,0.548,NA,0.0669,NA,"mtdna101",144,"Merluccius albidus",40.6,NA,"340000",340000,"c(NA, NA)",NA,"c(NA, NA)",NA,NA,NA,"external","dioecism","c(NA, NA, NA, NA)",0,NA,NA,NA
"193","Merluccius albidus","Offshore silver hake","Machado-Schiaffino et al. 2010 Molecular Phylogenetics and Evolution 55:552-558","USA","Ma-N",40,-70,NA,"2003","control region",27,900,0.655,NA,0.0798,NA,"mtdna101",144,"Merluccius albidus",40.6,NA,"340000",340000,"c(NA, NA)",NA,"c(NA, NA)",NA,NA,NA,"external","dioecism","c(NA, NA, NA, NA)",0,NA,NA,NA
"194","Merluccius albidus","Offshore silver hake","Machado-Schiaffino et al. 2010 Molecular Phylogenetics and Evolution 55:552-558","USA","Ma-S",35.5,-74.5,NA,"2003","control region",35,900,0.694,NA,0.0793,NA,"mtdna101",144,"Merluccius albidus",40.6,NA,"340000",340000,"c(NA, NA)",NA,"c(NA, NA)",NA,NA,NA,"external","dioecism","c(NA, NA, NA, NA)",0,NA,NA,NA
"195","Merluccius bilinearis","Silver hake","Machado-Schiaffino et al. 2010 Molecular Phylogenetics and Evolution 55:552-558","USA","Mb-CN",41,-69,"SHAKEGOMNGB","2003","control region",117,900,0.827,NA,0.0044,NA,"mtdna101",145,"Merluccius bilinearis",76,12,"700000",7e+05,"c(NA, NA, NA, NA, NA)",NA,"c(3, NA, NA, NA, NA)",3,"one clear seasonal peak per year","3.5 months","external","dioecism","c(""shelf"", NA, NA, NA)",-1,3,"2.6",2.6
"196","Merluccius bilinearis","Silver hake","Machado-Schiaffino et al. 2010 Molecular Phylogenetics and Evolution 55:552-558","USA","Mb-CS",39.5,-72,"SHAKESGBMATL","2003","control region",32,900,0.699,NA,0.0029,NA,"mtdna101",145,"Merluccius bilinearis",76,12,"700000",7e+05,"c(NA, NA, NA, NA, NA)",NA,"c(3, NA, NA, NA, NA)",3,"one clear seasonal peak per year","3.5 months","external","dioecism","c(""shelf"", NA, NA, NA)",-1,3,"2.6",2.6
"197","Merluccius bilinearis","Silver hake","Machado-Schiaffino et al. 2010 Molecular Phylogenetics and Evolution 55:552-558","USA","Mb-N",43,-66.5,"SHAKEGOMNGB","2003","control region",29,900,0.855,NA,0.0047,NA,"mtdna101",145,"Merluccius bilinearis",76,12,"700000",7e+05,"c(NA, NA, NA, NA, NA)",NA,"c(3, NA, NA, NA, NA)",3,"one clear seasonal peak per year","3.5 months","external","dioecism","c(""shelf"", NA, NA, NA)",-1,3,"2.6",2.6
"198","Merluccius bilinearis","Silver hake","Machado-Schiaffino et al. 2010 Molecular Phylogenetics and Evolution 55:552-558","USA","Mb-S",37.5,-74,"SHAKESGBMATL","2003","control region",30,900,0.637,NA,0.0024,NA,"mtdna101",145,"Merluccius bilinearis",76,12,"700000",7e+05,"c(NA, NA, NA, NA, NA)",NA,"c(3, NA, NA, NA, NA)",3,"one clear seasonal peak per year","3.5 months","external","dioecism","c(""shelf"", NA, NA, NA)",-1,3,"2.6",2.6
"202","Micropogonias undulatus","Atlantic croaker","Anderson, O'Leary & Cooper 2019 Marine and Coastal Fisheries: Dynamics, Management and Ecosystem Science 11:3-16","USA","Apalachicola",29.719077,-84.968155,NA,"2016","control region",36,424,0.983,NA,0.016,NA,"mtdna102",149,"Micropogonias undulatus",55,5,NA,NA,"c(27.5, 18, 17, 14)",19.125,"c(NA, NA, NA, NA)",NA,NA,NA,NA,NA,"c(NA, NA, NA)",NA,NA,NA,NA
"203","Micropogonias undulatus","Atlantic croaker","Anderson, O'Leary & Cooper 2019 Marine and Coastal Fisheries: Dynamics, Management and Ecosystem Science 11:3-16","USA","Bay St. Louis",30.30666,-89.311634,NA,"2016","control region",35,424,0.966,NA,0.013,NA,"mtdna102",149,"Micropogonias undulatus",55,5,NA,NA,"c(27.5, 18, 17, 14)",19.125,"c(NA, NA, NA, NA)",NA,NA,NA,NA,NA,"c(NA, NA, NA)",NA,NA,NA,NA
"204","Micropogonias undulatus","Atlantic croaker","Anderson, O'Leary & Cooper 2019 Marine and Coastal Fisheries: Dynamics, Management and Ecosystem Science 11:3-16","USA","Cedar Lakes",28.827367,-95.528208,NA,"2016","control region",66,424,0.976,NA,0.015,NA,"mtdna102",149,"Micropogonias undulatus",55,5,NA,NA,"c(27.5, 18, 17, 14)",19.125,"c(NA, NA, NA, NA)",NA,NA,NA,NA,NA,"c(NA, NA, NA)",NA,NA,NA,NA
"205","Micropogonias undulatus","Atlantic croaker","Anderson, O'Leary & Cooper 2019 Marine and Coastal Fisheries: Dynamics, Management and Ecosystem Science 11:3-16","USA","Jacksonville",30.403458,-81.38047,NA,"2016","control region",30,424,0.926,NA,0.012,NA,"mtdna102",149,"Micropogonias undulatus",55,5,NA,NA,"c(27.5, 18, 17, 14)",19.125,"c(NA, NA, NA, NA)",NA,NA,NA,NA,NA,"c(NA, NA, NA)",NA,NA,NA,NA
"206","Micropogonias undulatus","Atlantic croaker","Anderson, O'Leary & Cooper 2019 Marine and Coastal Fisheries: Dynamics, Management and Ecosystem Science 11:3-16","USA","Laguna Madre",26.726098,-97.43534,NA,"2016","control region",63,424,0.97,NA,0.012,NA,"mtdna102",149,"Micropogonias undulatus",55,5,NA,NA,"c(27.5, 18, 17, 14)",19.125,"c(NA, NA, NA, NA)",NA,NA,NA,NA,NA,"c(NA, NA, NA)",NA,NA,NA,NA
"207","Micropogonias undulatus","Atlantic croaker","Anderson, O'Leary & Cooper 2019 Marine and Coastal Fisheries: Dynamics, Management and Ecosystem Science 11:3-16","USA","Sabine Lake",29.913284,-93.845511,NA,"2016","control region",45,424,0.972,NA,0.013,NA,"mtdna102",149,"Micropogonias undulatus",55,5,NA,NA,"c(27.5, 18, 17, 14)",19.125,"c(NA, NA, NA, NA)",NA,NA,NA,NA,NA,"c(NA, NA, NA)",NA,NA,NA,NA
"208","Microstomus pacificus","Dover sole","Stepien 1999","USA","Cape Mendocino, Northern California",40,-124,"DSOLEPCOAST","","control region",19,471,0.98,NA,0.011,NA,"mtdna101",150,"Microstomus pacificus",76,56,"c(37000, NA, 83000, 39748)",53249.33333,"c(38, 36, 33.2, NA, NA, NA)",35.73333333,"c(NA, 5.5, 9, 5, 4, NA)",5.875,"one clear seasonal peak per year",NA,"external","dioecism","c(NA, ""coastal"")",-1,1,NA,NA
"215","Myripristis jacobus","Blackbar soldierfish","Bowen et al. 2006 Marine Biology 149:899-913","USA","Florida",25.086,-81.841437,NA,"1990-1997","cytb",10,744,0.978,NA,0.004,NA,"mtdna101",157,"Myripristis jacobus",25,NA,NA,NA,NA,NA,NA,NA,NA,NA,"external","dioecism",NA,0,3,NA,NA
"221","Opistognathus aurifrons","Yellowhead jawfish","Ho et al. 2012 Marine Ecology Progress Series 444:275-287","United States","South Florida ",25.349,-80.259,NA,"2009","control region, cytochrome c oxidase subunit I",15,1029,1,NA,0.01007,NA,"mtdna101",163,"Opistognathus aurifrons",10,NA,NA,NA,NA,NA,NA,NA,NA,NA,"external","dioecism",NA,0,1,NA,NA
"225","Pagrus pagrus","Red porgy","Ball et al. 2007 Mar Biol 150:1321-1332","USA","Gulf of Mexico/Louisiana",29.9,-88.535012,NA,"1999","control region",46,526,0.987,NA,0.01,NA,"mtdna101",167,"Pagrus pagrus",91,NA,"48660",48660,"c(NA, NA, NA, NA, 21.3, 18.8, 30.4, NA)",23.5,"c(NA, NA, NA, NA, NA, 0.9, 2.5, NA)",1.7,NA,NA,"external","protogyny","c(NA, NA, NA, NA, ""coastal"")",0,3,"2.5",2.5
"226","Pagrus pagrus","Red porgy","Ball et al. 2007 Mar Biol 150:1321-1332","USA","Gulf of Mexico/Panama City, FL",30.155,-85.857669,NA,"2003","control region",20,526,0.984,NA,0.008,NA,"mtdna101",167,"Pagrus pagrus",91,NA,"48660",48660,"c(NA, NA, NA, NA, 21.3, 18.8, 30.4, NA)",23.5,"c(NA, NA, NA, NA, NA, 0.9, 2.5, NA)",1.7,NA,NA,"external","protogyny","c(NA, NA, NA, NA, ""coastal"")",0,3,"2.5",2.5
"227","Pagrus pagrus","Red porgy","Ball et al. 2007 Mar Biol 150:1321-1332","USA, Western North Atlantic","Georgia",31.5,-80.844436,"RPORGYSATLC","2000-2002","control region",20,526,1,NA,0.008,NA,"mtdna101",167,"Pagrus pagrus",91,NA,"48660",48660,"c(NA, NA, NA, NA, 21.3, 18.8, 30.4, NA)",23.5,"c(NA, NA, NA, NA, NA, 0.9, 2.5, NA)",1.7,NA,NA,"external","protogyny","c(NA, NA, NA, NA, ""coastal"")",0,3,"2.5",2.5
"228","Pagrus pagrus","Red porgy","Ball et al. 2007 Mar Biol 150:1321-1332","USA, Western North Atlantic","North Carolina",34.5,-76.254793,"RPORGYSATLC","1999-2002","control region",49,526,0.991,NA,0.011,NA,"mtdna101",167,"Pagrus pagrus",91,NA,"48660",48660,"c(NA, NA, NA, NA, 21.3, 18.8, 30.4, NA)",23.5,"c(NA, NA, NA, NA, NA, 0.9, 2.5, NA)",1.7,NA,NA,"external","protogyny","c(NA, NA, NA, NA, ""coastal"")",0,3,"2.5",2.5
"229","Pagrus pagrus","Red porgy","Ball et al. 2007 Mar Biol 150:1321-1332","USA, Western North Atlantic","South Carolina",33,-78.7278,"RPORGYSATLC","1996-2002","control region",60,526,0.996,NA,0.01,NA,"mtdna101",167,"Pagrus pagrus",91,NA,"48660",48660,"c(NA, NA, NA, NA, 21.3, 18.8, 30.4, NA)",23.5,"c(NA, NA, NA, NA, NA, 0.9, 2.5, NA)",1.7,NA,NA,"external","protogyny","c(NA, NA, NA, NA, ""coastal"")",0,3,"2.5",2.5
"233","Paralichthys californicus","California flounder","Craig et al. 2011 Bulletin, Southern California Academy of Sciences 110:141-151","USA","Agua Hedionda",33.141301,-117.343668,NA,"","cytb",14,700,0.9231,0.0604,0.003566,0.002307,"mtdna101",171,"Paralichthys californicus",152,30,"500000",5e+05,NA,NA,NA,NA,NA,NA,"external","dioecism",NA,0,3,NA,NA
"234","Paralichthys californicus","California flounder","Craig et al. 2011 Bulletin, Southern California Academy of Sciences 110:141-151","USA","Half Moon Bay",37,-123,NA,"","cytb",17,700,0.8824,0.0718,0.002894,0.001925,"mtdna101",171,"Paralichthys californicus",152,30,"500000",5e+05,NA,NA,NA,NA,NA,NA,"external","dioecism",NA,0,3,NA,NA
"235","Paralichthys californicus","California flounder","Craig et al. 2011 Bulletin, Southern California Academy of Sciences 110:141-151","USA","Los Angeles",33.854146,-118.604253,NA,"","cytb",26,700,0.7785,0.0792,0.002548,0.001707,"mtdna101",171,"Paralichthys californicus",152,30,"500000",5e+05,NA,NA,NA,NA,NA,NA,"external","dioecism",NA,0,3,NA,NA
"236","Paralichthys californicus","California flounder","Craig et al. 2011 Bulletin, Southern California Academy of Sciences 110:141-151","USA","Mission Bay",32.780676,-117.246316,NA,"","cytb",38,700,0.8192,0.0621,0.003116,0.001972,"mtdna101",171,"Paralichthys californicus",152,30,"500000",5e+05,NA,NA,NA,NA,NA,NA,"external","dioecism",NA,0,3,NA,NA
"237","Paralichthys californicus","California flounder","Craig et al. 2011 Bulletin, Southern California Academy of Sciences 110:141-151","USA","Oceanside Harbor",33.208387,-117.397507,NA,"","cytb",31,700,0.7269,0.0832,0.002078,0.001453,"mtdna101",171,"Paralichthys californicus",152,30,"500000",5e+05,NA,NA,NA,NA,NA,NA,"external","dioecism",NA,0,3,NA,NA
"238","Paralichthys californicus","California flounder","Craig et al. 2011 Bulletin, Southern California Academy of Sciences 110:141-151","USA","San Diego",32.74804,-117.305393,NA,"","cytb",30,700,0.6805,0.0951,0.002093,0.001463,"mtdna101",171,"Paralichthys californicus",152,30,"500000",5e+05,NA,NA,NA,NA,NA,NA,"external","dioecism",NA,0,3,NA,NA
"239","Paralichthys californicus","California flounder","Craig et al. 2011 Bulletin, Southern California Academy of Sciences 110:141-151","USA","San Diego Bay",32.668495,-117.142071,NA,"","cytb",35,700,0.8185,0.0667,0.002833,0.001833,"mtdna101",171,"Paralichthys californicus",152,30,"500000",5e+05,NA,NA,NA,NA,NA,NA,"external","dioecism",NA,0,3,NA,NA
"240","Paralichthys californicus","California flounder","Craig et al. 2011 Bulletin, Southern California Academy of Sciences 110:141-151","USA","San Dieguito",33.007198,-117.287726,NA,"","cytb",27,700,0.735,0.092,0.001991,0.001415,"mtdna101",171,"Paralichthys californicus",152,30,"500000",5e+05,NA,NA,NA,NA,NA,NA,"external","dioecism",NA,0,3,NA,NA
"241","Paralichthys californicus","California flounder","Craig et al. 2011 Bulletin, Southern California Academy of Sciences 110:141-151","USA","Santa Barbara",34.1333333333333,-120,NA,"","cytb",11,700,0.8182,0.1191,0.002563,0.001816,"mtdna101",171,"Paralichthys californicus",152,30,"500000",5e+05,NA,NA,NA,NA,NA,NA,"external","dioecism",NA,0,3,NA,NA
"269","Sardinops sagax","South American pilchard","Bowen & Grant 1997","USA","San Diego, Southern California",32.762,-117.018333333333,"SARDPCOAST","1983","control region",15,500,1,NA,0.03,NA,"mtdna101",199,"Sardinops sagax",39.5,25,"c(30000, 10000)",20000,"c(7, 24, NA, NA, 22, 18, NA, 24, NA, NA, 21, NA, 18)",19.14285714,"c(1, NA, 1, NA, NA, 1, NA, NA, NA, NA, NA, NA, NA)",1,"Two seasonal peaks per year",NA,"external","dioecism","c(NA, NA, ""coastal"", ""coastal"", ""coastal"", ""coastal"", ""coastal"", ""coastal"", NA, NA, NA, ""coastal"")",-1,3,"3.5",3.5
"274","Scomber japonicus","Chub mackerel","Scoles Collette Graves 1998","USA","Panama City, Florida",30.092861,-85.776139,NA,"","cytb",20,418,0.93,NA,0.004,NA,"mtdna101",204,"Scomber japonicus",64,18,"c(86616, 195400, 441795, 101859)",206417.5,"c(NA, NA, NA, NA, 31.5, NA, NA, 29, NA)",30.25,"c(NA, 2, NA, NA, NA, NA, NA, NA, NA)",2,"Variable throughout range",NA,"external","dioecism","c(NA, NA, NA, NA, NA, NA)",-1,3,"2.7",2.7
"275","Scomber japonicus","Chub mackerel","Scoles Collette Graves 1998","USA","San Diego",32.741236,-117.496875,"CMACKPCOAST","","cytb",20,418,0.64,NA,0.0014,NA,"mtdna101",204,"Scomber japonicus",64,18,"c(86616, 195400, 441795, 101859)",206417.5,"c(NA, NA, NA, NA, 31.5, NA, NA, 29, NA)",30.25,"c(NA, 2, NA, NA, NA, NA, NA, NA, NA)",2,"Variable throughout range",NA,"external","dioecism","c(NA, NA, NA, NA, NA, NA)",-1,3,"2.7",2.7
"276","Scomber scombrus","Atlantic mackerel","de Souza et al. 2006","USA","Gulf of Maine",44.2886111111111,-68.4180555555556,"MACKGOMCHATT","1998","control region",19,316,0.982,NA,0.028,NA,"mtdna101",205,"Scomber scombrus",60,17,"c(NA, 2e+05, 2e+05, 211000, 285000, NA, NA, 130000, 88000, 255000, 140000, 208500, 243400, 155900, NA)",192436.3636,"c(34, 32, 30, NA, NA, NA, NA, NA, NA, NA, NA, 30, 30, 24, NA, NA, NA)",30,"c(2, 2, NA, NA, NA, NA, NA, NA, NA, NA, NA, NA, 2, 1, NA, NA, NA)",1.75,"one clear seasonal peak per year",NA,"external","dioecism","c(NA, NA, NA, NA, NA, ""coastal"", NA, NA, NA)",-1,1,"2.46",2.46
"277","Scomber scombrus","Atlantic mackerel","de Souza et al. 2006","USA","North Carolina",36.835,-75.3716666666667,"MACKGOMCHATT","2001","control region",20,316,0.989,NA,0.029,NA,"mtdna101",205,"Scomber scombrus",60,17,"c(NA, 2e+05, 2e+05, 211000, 285000, NA, NA, 130000, 88000, 255000, 140000, 208500, 243400, 155900, NA)",192436.3636,"c(34, 32, 30, NA, NA, NA, NA, NA, NA, NA, NA, 30, 30, 24, NA, NA, NA)",30,"c(2, 2, NA, NA, NA, NA, NA, NA, NA, NA, NA, NA, 2, 1, NA, NA, NA)",1.75,"one clear seasonal peak per year",NA,"external","dioecism","c(NA, NA, NA, NA, NA, ""coastal"", NA, NA, NA)",-1,1,"2.46",2.46
"278","Scomber scombrus","Atlantic mackerel","Scoles Collette Graves 1998","USA","Boston, Massachusetts",42.383603,-70.771923,"MACKGOMCHATT","","cytb",20,418,0.85,NA,0.0029,NA,"mtdna101",205,"Scomber scombrus",60,17,"c(NA, 2e+05, 2e+05, 211000, 285000, NA, NA, 130000, 88000, 255000, 140000, 208500, 243400, 155900, NA)",192436.3636,"c(34, 32, 30, NA, NA, NA, NA, NA, NA, NA, NA, 30, 30, 24, NA, NA, NA)",30,"c(2, 2, NA, NA, NA, NA, NA, NA, NA, NA, NA, NA, 2, 1, NA, NA, NA)",1.75,"one clear seasonal peak per year",NA,"external","dioecism","c(NA, NA, NA, NA, NA, ""coastal"", NA, NA, NA)",-1,1,"2.46",2.46
"282","Scomberomorus concolor","Monterey Spanish mackerel","Magallón-Gayón, Diaz-Jaimes & Uribe-Alcocer 2016 PeerJ 4:e2583","USA","Santa Clara",31.6866666666667,-114.499722222222,NA,"2006","cytb",28,873,0.952,0.0049,0.005,5e-04,"mtdna102",209,"Scomberomorus concolor",77,NA,NA,NA,NA,NA,NA,NA,NA,NA,"external","dioecism",NA,0,3,NA,NA
"291","Sebastes flavidus","Yellowtail rockfish","Hess et al. 2011 Canadian Journal of Fisheries and Aquatic Sciences 68:89-104","United States","Astoria, OR",46.075,-124.51761,NA,"1999","cytb",108,812,0.533,0.004811252,9e-04,7.7e-05,"mtdna101",218,"Sebastes flavidus",66,64,"c(NA, 125000)",125000,"c(27, NA, 30, NA, 41, NA)",32.66666667,"c(4, NA, 4, NA, 11, NA)",6.333333333,"one clear seasonal peak per year",NA,"internal (oviduct)","dioecism",NA,0,NA,NA,NA
"292","Sebastes flavidus","Yellowtail rockfish","Hess et al. 2011 Canadian Journal of Fisheries and Aquatic Sciences 68:89-104","United States","Cannon Beach, OR 1",45.90849,-124.46891,NA,"1999","cytb",32,812,0.669,0.012727922,0.0012,0.000159099,"mtdna101",218,"Sebastes flavidus",66,64,"c(NA, 125000)",125000,"c(27, NA, 30, NA, 41, NA)",32.66666667,"c(4, NA, 4, NA, 11, NA)",6.333333333,"one clear seasonal peak per year",NA,"internal (oviduct)","dioecism",NA,0,NA,NA,NA
"293","Sebastes flavidus","Yellowtail rockfish","Hess et al. 2011 Canadian Journal of Fisheries and Aquatic Sciences 68:89-104","United States","Cannon Beach, OR 2",45.69968,-124.50905,NA,"1999","cytb",42,812,0.664,0.006943651,0.0011,0.000123443,"mtdna101",218,"Sebastes flavidus",66,64,"c(NA, 125000)",125000,"c(27, NA, 30, NA, 41, NA)",32.66666667,"c(4, NA, 4, NA, 11, NA)",6.333333333,"one clear seasonal peak per year",NA,"internal (oviduct)","dioecism",NA,0,NA,NA,NA
"294","Sebastes flavidus","Yellowtail rockfish","Hess et al. 2011 Canadian Journal of Fisheries and Aquatic Sciences 68:89-104","United States","Eureka, CA",40.40833,-124.555,NA,"1999","cytb",5,812,0.7,0.097492564,0.001,0.000447214,"mtdna101",218,"Sebastes flavidus",66,64,"c(NA, 125000)",125000,"c(27, NA, 30, NA, 41, NA)",32.66666667,"c(4, NA, 4, NA, 11, NA)",6.333333333,"one clear seasonal peak per year",NA,"internal (oviduct)","dioecism",NA,0,NA,NA,NA
"295","Sebastes flavidus","Yellowtail rockfish","Hess et al. 2011 Canadian Journal of Fisheries and Aquatic Sciences 68:89-104","United States","Florence, OR",43.9759,-124.65957,NA,"1999","cytb",74,812,0.628,0.004882401,0.0011,0.000104623,"mtdna101",218,"Sebastes flavidus",66,64,"c(NA, 125000)",125000,"c(27, NA, 30, NA, 41, NA)",32.66666667,"c(4, NA, 4, NA, 11, NA)",6.333333333,"one clear seasonal peak per year",NA,"internal (oviduct)","dioecism",NA,0,NA,NA,NA
"296","Sebastes flavidus","Yellowtail rockfish","Hess et al. 2011 Canadian Journal of Fisheries and Aquatic Sciences 68:89-104","United States","Fort Bragg, CA",39.48122,-123.85387,NA,"1999","cytb",65,812,0.525,0.008682431,8e-04,8.68e-05,"mtdna101",218,"Sebastes flavidus",66,64,"c(NA, 125000)",125000,"c(27, NA, 30, NA, 41, NA)",32.66666667,"c(4, NA, 4, NA, 11, NA)",6.333333333,"one clear seasonal peak per year",NA,"internal (oviduct)","dioecism",NA,0,NA,NA,NA
"297","Sebastes flavidus","Yellowtail rockfish","Hess et al. 2011 Canadian Journal of Fisheries and Aquatic Sciences 68:89-104","United States","Neah Bay, WA ",48.50554,-125.79765,NA,"1999","cytb",73,812,0.666,0.005383893,0.0012,0.000105337,"mtdna101",218,"Sebastes flavidus",66,64,"c(NA, 125000)",125000,"c(27, NA, 30, NA, 41, NA)",32.66666667,"c(4, NA, 4, NA, 11, NA)",6.333333333,"one clear seasonal peak per year",NA,"internal (oviduct)","dioecism",NA,0,NA,NA,NA
"298","Sebastes flavidus","Yellowtail rockfish","Hess et al. 2011 Canadian Journal of Fisheries and Aquatic Sciences 68:89-104","United States","Port Orford, OR",42.72806,-124.67289,NA,"1999","cytb",98,812,0.52,0.005252793,9e-04,7.07e-05,"mtdna101",218,"Sebastes flavidus",66,64,"c(NA, 125000)",125000,"c(27, NA, 30, NA, 41, NA)",32.66666667,"c(4, NA, 4, NA, 11, NA)",6.333333333,"one clear seasonal peak per year",NA,"internal (oviduct)","dioecism",NA,0,NA,NA,NA
"299","Sebastes flavidus","Yellowtail rockfish","Hess et al. 2011 Canadian Journal of Fisheries and Aquatic Sciences 68:89-104","United States","San Francisco, CA 1",38.075,-123.45167,NA,"1999","cytb",96,812,0.388,0.006531973,6e-04,6.12e-05,"mtdna101",218,"Sebastes flavidus",66,64,"c(NA, 125000)",125000,"c(27, NA, 30, NA, 41, NA)",32.66666667,"c(4, NA, 4, NA, 11, NA)",6.333333333,"one clear seasonal peak per year",NA,"internal (oviduct)","dioecism",NA,0,NA,NA,NA
"300","Sebastes flavidus","Yellowtail rockfish","Hess et al. 2011 Canadian Journal of Fisheries and Aquatic Sciences 68:89-104","United States","San Francisco, CA 2",37.87756,-123.04324,NA,"1999","cytb",67,812,0.429,0.008674031,7e-04,7.33e-05,"mtdna101",218,"Sebastes flavidus",66,64,"c(NA, 125000)",125000,"c(27, NA, 30, NA, 41, NA)",32.66666667,"c(4, NA, 4, NA, 11, NA)",6.333333333,"one clear seasonal peak per year",NA,"internal (oviduct)","dioecism",NA,0,NA,NA,NA
"301","Sebastes flavidus","Yellowtail rockfish","Hess et al. 2011 Canadian Journal of Fisheries and Aquatic Sciences 68:89-104","United States","San Luis Obispo, CA",35.15105,-120.82881,NA,"1999","cytb",53,812,0.413,0.010714124,5e-04,6.87e-05,"mtdna101",218,"Sebastes flavidus",66,64,"c(NA, 125000)",125000,"c(27, NA, 30, NA, 41, NA)",32.66666667,"c(4, NA, 4, NA, 11, NA)",6.333333333,"one clear seasonal peak per year",NA,"internal (oviduct)","dioecism",NA,0,NA,NA,NA
"302","Sebastes flavidus","Yellowtail rockfish","Hess et al. 2011 Canadian Journal of Fisheries and Aquatic Sciences 68:89-104","United States","San Miguel Is., CA ",34.09976,-120.54119,NA,"1999","cytb",7,812,0.286,0.074081037,3e-04,0.000188982,"mtdna101",218,"Sebastes flavidus",66,64,"c(NA, 125000)",125000,"c(27, NA, 30, NA, 41, NA)",32.66666667,"c(4, NA, 4, NA, 11, NA)",6.333333333,"one clear seasonal peak per year",NA,"internal (oviduct)","dioecism",NA,0,NA,NA,NA
"303","Sebastes flavidus","Yellowtail rockfish","Hess et al. 2011 Canadian Journal of Fisheries and Aquatic Sciences 68:89-104","United States","Santa Barbara, CA",34.34948,-119.60536,NA,"1999","cytb",10,812,0.378,0.057237226,5e-04,0.000158114,"mtdna101",218,"Sebastes flavidus",66,64,"c(NA, 125000)",125000,"c(27, NA, 30, NA, 41, NA)",32.66666667,"c(4, NA, 4, NA, 11, NA)",6.333333333,"one clear seasonal peak per year",NA,"internal (oviduct)","dioecism",NA,0,NA,NA,NA
"304","Sebastes flavidus","Yellowtail rockfish","Hess et al. 2011 Canadian Journal of Fisheries and Aquatic Sciences 68:89-104","United States","Santa Cruz, CA",36.81341,-122.12877,NA,"1999","cytb",40,812,0.54,0.014546477,8e-04,0.00011068,"mtdna101",218,"Sebastes flavidus",66,64,"c(NA, 125000)",125000,"c(27, NA, 30, NA, 41, NA)",32.66666667,"c(4, NA, 4, NA, 11, NA)",6.333333333,"one clear seasonal peak per year",NA,"internal (oviduct)","dioecism",NA,0,NA,NA,NA
"305","Sebastes helvomaculatus","Rosethorn rockfish","Rocha-Olivares Vetter 1999","USA","California",38.384647,-123.751836,NA,"1995","control region",25,597,0.88,NA,0.0099,NA,"mtdna101",219,"Sebastes helvomaculatus",41,87,NA,NA,"c(20, 22, NA)",21,"c(5, 7, NA)",6,NA,NA,"internal (oviduct)","dioecism",NA,0,NA,NA,NA
"306","Sebastes helvomaculatus","Rosethorn rockfish","Rocha-Olivares Vetter 1999","USA","Oregon",46.227506,-124.230677,NA,"1995","control region",24,597,0.957,NA,0.0114,NA,"mtdna101",219,"Sebastes helvomaculatus",41,87,NA,NA,"c(20, 22, NA)",21,"c(5, 7, NA)",6,NA,NA,"internal (oviduct)","dioecism",NA,0,NA,NA,NA
"307","Sebastes helvomaculatus","Rosethorn rockfish","Rocha-Olivares Vetter 1999","USA","Vancouver Island, British Columbia",49.639,-125.083333333333,NA,"1995","control region",9,597,0.917,NA,0.0097,NA,"mtdna101",219,"Sebastes helvomaculatus",41,87,NA,NA,"c(20, 22, NA)",21,"c(5, 7, NA)",6,NA,NA,"internal (oviduct)","dioecism",NA,0,NA,NA,NA
"308","Sebastes miniatus","Vermilion rockfish","Hyde & Vetter 2009 Canadian Journal of Fisheries and Aquatic Sciences 66:1569-1581","United States","Bandon, Oregon",43.1175,-124.4349,NA,"","cytb",32,782,0.869,NA,0.002,NA,"mtdna101",220,"Sebastes miniatus",91,60,"c(NA, 151000)",151000,"c(37, 35, NA)",36,"c(4, 5, NA)",4.5,NA,NA,"internal (oviduct)","dioecism",NA,0,NA,NA,NA
"309","Sebastes miniatus","Vermilion rockfish","Hyde & Vetter 2009 Canadian Journal of Fisheries and Aquatic Sciences 66:1569-1581","United States","Bodega Bay, California ",38.2304,-123.0144,NA,"","cytb",12,782,0.785,NA,0.001,NA,"mtdna101",220,"Sebastes miniatus",91,60,"c(NA, 151000)",151000,"c(37, 35, NA)",36,"c(4, 5, NA)",4.5,NA,NA,"internal (oviduct)","dioecism",NA,0,NA,NA,NA
"310","Sebastes miniatus","Vermilion rockfish","Hyde & Vetter 2009 Canadian Journal of Fisheries and Aquatic Sciences 66:1569-1581","United States","Brookings, Oregon",42.05111,-124.3068,NA,"","cytb",46,782,0.776,NA,0.002,NA,"mtdna101",220,"Sebastes miniatus",91,60,"c(NA, 151000)",151000,"c(37, 35, NA)",36,"c(4, 5, NA)",4.5,NA,NA,"internal (oviduct)","dioecism",NA,0,NA,NA,NA
"311","Sebastes miniatus","Vermilion rockfish","Hyde & Vetter 2009 Canadian Journal of Fisheries and Aquatic Sciences 66:1569-1581","United States","Cape Blanco, Oregon",42.8385,-124.5666,NA,"","cytb",50,782,0.853,NA,0.002,NA,"mtdna101",220,"Sebastes miniatus",91,60,"c(NA, 151000)",151000,"c(37, 35, NA)",36,"c(4, 5, NA)",4.5,NA,NA,"internal (oviduct)","dioecism",NA,0,NA,NA,NA
"312","Sebastes miniatus","Vermilion rockfish","Hyde & Vetter 2009 Canadian Journal of Fisheries and Aquatic Sciences 66:1569-1581","United States","Depoe Bay, Oregon",44.8107,-124.0679,NA,"","cytb",56,782,0.844,NA,0.002,NA,"mtdna101",220,"Sebastes miniatus",91,60,"c(NA, 151000)",151000,"c(37, 35, NA)",36,"c(4, 5, NA)",4.5,NA,NA,"internal (oviduct)","dioecism",NA,0,NA,NA,NA
"313","Sebastes miniatus","Vermilion rockfish","Hyde & Vetter 2009 Canadian Journal of Fisheries and Aquatic Sciences 66:1569-1581","United States","Half Moon Bay, California",37.4632,-122.46,NA,"","cytb",45,782,0.832,NA,0.002,NA,"mtdna101",220,"Sebastes miniatus",91,60,"c(NA, 151000)",151000,"c(37, 35, NA)",36,"c(4, 5, NA)",4.5,NA,NA,"internal (oviduct)","dioecism",NA,0,NA,NA,NA
"314","Sebastes miniatus","Vermilion rockfish","Hyde & Vetter 2009 Canadian Journal of Fisheries and Aquatic Sciences 66:1569-1581","United States","Neah Bay, Washington ",48.424,-124.6904,NA,"","cytb",17,782,0.757,NA,0.001,NA,"mtdna101",220,"Sebastes miniatus",91,60,"c(NA, 151000)",151000,"c(37, 35, NA)",36,"c(4, 5, NA)",4.5,NA,NA,"internal (oviduct)","dioecism",NA,0,NA,NA,NA
"315","Sebastes miniatus","Vermilion rockfish","Hyde & Vetter 2009 Canadian Journal of Fisheries and Aquatic Sciences 66:1569-1581","United States","Palos Verdes, California ",33.7338,-118.3893,NA,"","cytb",46,782,0.452,NA,0.001,NA,"mtdna101",220,"Sebastes miniatus",91,60,"c(NA, 151000)",151000,"c(37, 35, NA)",36,"c(4, 5, NA)",4.5,NA,NA,"internal (oviduct)","dioecism",NA,0,NA,NA,NA
"316","Sebastes miniatus","Vermilion rockfish","Hyde & Vetter 2009 Canadian Journal of Fisheries and Aquatic Sciences 66:1569-1581","United States","Piedras Blancas, California",35.6712,-121.2893,NA,"","cytb",39,782,0.635,NA,0.001,NA,"mtdna101",220,"Sebastes miniatus",91,60,"c(NA, 151000)",151000,"c(37, 35, NA)",36,"c(4, 5, NA)",4.5,NA,NA,"internal (oviduct)","dioecism",NA,0,NA,NA,NA
"317","Sebastes miniatus","Vermilion rockfish","Hyde & Vetter 2009 Canadian Journal of Fisheries and Aquatic Sciences 66:1569-1581","United States","San Diego, California ",32.727,-117.2771,NA,"","cytb",54,782,0.499,NA,0.001,NA,"mtdna101",220,"Sebastes miniatus",91,60,"c(NA, 151000)",151000,"c(37, 35, NA)",36,"c(4, 5, NA)",4.5,NA,NA,"internal (oviduct)","dioecism",NA,0,NA,NA,NA
"318","Sebastes miniatus","Vermilion rockfish","Hyde & Vetter 2009 Canadian Journal of Fisheries and Aquatic Sciences 66:1569-1581","United States","San Miguel Island, California",34.0547,-120.35,NA,"","cytb",30,782,0.489,NA,0.001,NA,"mtdna101",220,"Sebastes miniatus",91,60,"c(NA, 151000)",151000,"c(37, 35, NA)",36,"c(4, 5, NA)",4.5,NA,NA,"internal (oviduct)","dioecism",NA,0,NA,NA,NA
"319","Sebastes miniatus","Vermilion rockfish","Hyde & Vetter 2009 Canadian Journal of Fisheries and Aquatic Sciences 66:1569-1581","United States","Santa Barbara, California",34.3963,-119.6937,NA,"","cytb",95,782,0.39,NA,0.001,NA,"mtdna101",220,"Sebastes miniatus",91,60,"c(NA, 151000)",151000,"c(37, 35, NA)",36,"c(4, 5, NA)",4.5,NA,NA,"internal (oviduct)","dioecism",NA,0,NA,NA,NA
"320","Sebastes miniatus","Vermilion rockfish","Hyde & Vetter 2009 Canadian Journal of Fisheries and Aquatic Sciences 66:1569-1581","United States","Shelter Cove, Oregon",40.0305,-124.0828,NA,"","cytb",63,782,0.879,NA,0.002,NA,"mtdna101",220,"Sebastes miniatus",91,60,"c(NA, 151000)",151000,"c(37, 35, NA)",36,"c(4, 5, NA)",4.5,NA,NA,"internal (oviduct)","dioecism",NA,0,NA,NA,NA
"348","Syngnathus leptorhynchus","Bay pipefish","Wilson 2006","USA","Newport",44.645,-124.268105,NA,"2003","control region",20,465,0.7263,NA,0.003,NA,"mtdna101",248,"Syngnathus leptorhynchus",32.5,NA,NA,NA,NA,NA,NA,NA,NA,NA,"in brood pouch or similar structure","dioecism","c(NA, NA)",-1,1,NA,NA
"349","Syngnathus leptorhynchus","Bay pipefish","Wilson 2006","USA","Padilla Bay",48.557,-122.547414,NA,"2003","control region",20,465,0.5211,NA,0.0014,NA,"mtdna101",248,"Syngnathus leptorhynchus",32.5,NA,NA,NA,NA,NA,NA,NA,NA,NA,"in brood pouch or similar structure","dioecism","c(NA, NA)",-1,1,NA,NA
"350","Syngnathus leptorhynchus","Bay pipefish","Wilson 2006","USA","San Diego",32.639,-117.666497,NA,"2003","control region",20,465,0.5789,NA,0.0056,NA,"mtdna101",248,"Syngnathus leptorhynchus",32.5,NA,NA,NA,NA,NA,NA,NA,NA,NA,"in brood pouch or similar structure","dioecism","c(NA, NA)",-1,1,NA,NA
