"","spp","CommonName","Source","Country","Site","lat","lon","stockid","CollectionYear","MarkerName","n","bp","He","Hese","Pi","Pise","file","maxlength","fecundity","fecundity_mean","fertilization","reproductionmode","class","order","family","genus","species","maturityage","adultlifespan","generationtime"
"1","Acanthocybium solandri","Wahoo","Garber, Tringali & Franks 2005","United States","Atlantic Ocean off North Carolina","34.8","-70",NA,"2000/2001","control region","23","890","1","NA","0.053","NA","mtdna101","250","6e+06","6e+06","external","dioecism","Actinopteri","Scombriformes","Scombridae","Acanthocybium","solandri","2.39684386344113","8.00952139554984","139.752152302511"
"2","Acanthocybium solandri","Wahoo","Garber, Tringali & Franks 2005","United States","East Central Florida","28.304","-75",NA,"2001","control region","30","890","1","NA","0.055","NA","mtdna101","250","6e+06","6e+06","external","dioecism","Actinopteri","Scombriformes","Scombridae","Acanthocybium","solandri","2.39684386344113","8.00952139554984","139.752152302511"
"3","Acanthocybium solandri","Wahoo","Garber, Tringali & Franks 2005","United States","Northern Gulf of Mexico","29.229","-84",NA,"1998-2000","control region","54","890","0.999","NA","0.055","NA","mtdna101","250","6e+06","6e+06","external","dioecism","Actinopteri","Scombriformes","Scombridae","Acanthocybium","solandri","2.39684386344113","8.00952139554984","139.752152302511"
"4","Acanthocybium solandri","Wahoo","Garber, Tringali & Franks 2005","United States","Southern tip of Florida","25.205","-76",NA,"2000/2001","control region","21","890","0.995","NA","0.049","NA","mtdna101","250","6e+06","6e+06","external","dioecism","Actinopteri","Scombriformes","Scombridae","Acanthocybium","solandri","2.39684386344113","8.00952139554984","139.752152302511"
"5","Aetobatus narinari","Spotted eagle ray","Sellas et al. 2015 Journal of Heredity 266-275","USA","Florida","27.344437","-82.567594",NA,"2009-2011","cytb","169","580","0.71","NA","0.0024","NA","mtdna102","230","1","1","internal (oviduct)","dioecism","Chondrichthyes","Myliobatiformes","Myliobatidae","Aetobatus","narinari","5.80909150752101","15.3442290605108","4899538.64537719"
"6","Anoplopoma fimbria","Sablefish","Tripp-Valdez et. al 2012 Journal of Applied Ichthyology 28:516-523","USA","OR","45.8355555555556","-124.801666666667","SABLEFPCOAST","","cytochrome c oxidase subunit I","13","353","0.5","0.037719613","0.0015","0.00011094","mtdna101","120","c(NA, 1e+06, 1e+06)","1e+06","external","dioecism","Actinopteri","Perciformes","Anoplopomatidae","Anoplopoma","fimbria","4.93307839711094","18.8687948344667","45889.6088573264"
"7","Archosargus probatocephalus","Sheepshead","Seyoum et al. 2017 Bull. Mar. Sci. 93:691-713","USA","Apalachicola","29.718192","-84.9814",NA,"1999","control region","60","470","NA","NA","0.04","NA","mtdna102","91",NA,"NaN",NA,NA,"Actinopteri","Spariformes","Sparidae","Archosargus","probatocephalus","2.40456261299559","10.2384550772922","170.97901805342"
"8","Archosargus probatocephalus","Sheepshead","Seyoum et al. 2017 Bull. Mar. Sci. 93:691-713","USA","Cedar Keys","29.135342","-83.042618",NA,"1998","control region","33","470","NA","NA","0.039","NA","mtdna102","91",NA,"NaN",NA,NA,"Actinopteri","Spariformes","Sparidae","Archosargus","probatocephalus","2.40456261299559","10.2384550772922","170.97901805342"
"9","Archosargus probatocephalus","Sheepshead","Seyoum et al. 2017 Bull. Mar. Sci. 93:691-713","USA","Charleston","32.76209","-79.886029",NA,"2001","control region","23","470","NA","NA","0.032","NA","mtdna102","91",NA,"NaN",NA,NA,"Actinopteri","Spariformes","Sparidae","Archosargus","probatocephalus","2.40456261299559","10.2384550772922","170.97901805342"
"10","Archosargus probatocephalus","Sheepshead","Seyoum et al. 2017 Bull. Mar. Sci. 93:691-713","USA","Corpus Christi","27.799609","-97.330457",NA,"1999","control region","31","470","NA","NA","0.04","NA","mtdna102","91",NA,"NaN",NA,NA,"Actinopteri","Spariformes","Sparidae","Archosargus","probatocephalus","2.40456261299559","10.2384550772922","170.97901805342"
"11","Archosargus probatocephalus","Sheepshead","Seyoum et al. 2017 Bull. Mar. Sci. 93:691-713","USA","Florida Bay","25.037202","-80.725444",NA,"1996","control region","30","470","NA","NA","0.043","NA","mtdna102","91",NA,"NaN",NA,NA,"Actinopteri","Spariformes","Sparidae","Archosargus","probatocephalus","2.40456261299559","10.2384550772922","170.97901805342"
"12","Archosargus probatocephalus","Sheepshead","Seyoum et al. 2017 Bull. Mar. Sci. 93:691-713","USA","Fort Walton","30.426693","-86.583054",NA,"1997","control region","25","470","NA","NA","0.034","NA","mtdna102","91",NA,"NaN",NA,NA,"Actinopteri","Spariformes","Sparidae","Archosargus","probatocephalus","2.40456261299559","10.2384550772922","170.97901805342"
"13","Archosargus probatocephalus","Sheepshead","Seyoum et al. 2017 Bull. Mar. Sci. 93:691-713","USA","Indian River","27.691957","-80.351466",NA,"1999","control region","36","470","NA","NA","0.034","NA","mtdna102","91",NA,"NaN",NA,NA,"Actinopteri","Spariformes","Sparidae","Archosargus","probatocephalus","2.40456261299559","10.2384550772922","170.97901805342"
"14","Archosargus probatocephalus","Sheepshead","Seyoum et al. 2017 Bull. Mar. Sci. 93:691-713","USA","Morehead City","34.715791","-76.72042",NA,"1999","control region","36","470","NA","NA","0.033","NA","mtdna102","91",NA,"NaN",NA,NA,"Actinopteri","Spariformes","Sparidae","Archosargus","probatocephalus","2.40456261299559","10.2384550772922","170.97901805342"
"15","Archosargus probatocephalus","Sheepshead","Seyoum et al. 2017 Bull. Mar. Sci. 93:691-713","USA","St. Johns River","30.40297","-81.395411",NA,"2001","control region","29","470","NA","NA","0.031","NA","mtdna102","91",NA,"NaN",NA,NA,"Actinopteri","Spariformes","Sparidae","Archosargus","probatocephalus","2.40456261299559","10.2384550772922","170.97901805342"
"16","Archosargus probatocephalus","Sheepshead","Seyoum et al. 2017 Bull. Mar. Sci. 93:691-713","USA","St. Simmons & Cumberland Islands","31.001457","-81.3979225",NA,"1998","control region","31","470","NA","NA","0.031","NA","mtdna102","91",NA,"NaN",NA,NA,"Actinopteri","Spariformes","Sparidae","Archosargus","probatocephalus","2.40456261299559","10.2384550772922","170.97901805342"
"17","Archosargus probatocephalus","Sheepshead","Seyoum et al. 2017 Bull. Mar. Sci. 93:691-713","USA","Steinhatchee","29.67132","-83.392316",NA,"1999","control region","28","470","NA","NA","0.042","NA","mtdna102","91",NA,"NaN",NA,NA,"Actinopteri","Spariformes","Sparidae","Archosargus","probatocephalus","2.40456261299559","10.2384550772922","170.97901805342"
"18","Archosargus probatocephalus","Sheepshead","Seyoum et al. 2017 Bull. Mar. Sci. 93:691-713","USA","Tampa Bay","27.739577","-82.59122",NA,"1999","control region","38","470","NA","NA","0.039","NA","mtdna102","91",NA,"NaN",NA,NA,"Actinopteri","Spariformes","Sparidae","Archosargus","probatocephalus","2.40456261299559","10.2384550772922","170.97901805342"
"19","Balistes capriscus","Grey triggerfish","Antoni et al. 2011 North American Journal of Fisheries 31:714-721","USA","Louisiana","27","-91","GTRIGGM","2008.5","ND4","29","617","0.81505","NA","0.00345","NA","mtdna101","60",NA,"NaN","external","dioecism","Actinopteri","Tetraodontiformes","Balistidae","Balistes","capriscus","1.86870705602434","5.33763908066106","24.2729326706127"
"20","Balistes capriscus","Grey triggerfish","Antoni et al. 2011 North American Journal of Fisheries 31:714-721","USA","South-eastern Florida","26.0833333333333","-80",NA,"2008.5","ND4","29","617","0.90726","NA","0.00403","NA","mtdna101","60",NA,"NaN","external","dioecism","Actinopteri","Tetraodontiformes","Balistidae","Balistes","capriscus","1.86870705602434","5.33763908066106","24.2729326706127"
"21","Balistes capriscus","Grey triggerfish","Antoni et al. 2011 North American Journal of Fisheries 31:714-721","USA","South Carolina","33.0833333333333","-79",NA,"2008.5","ND4","29","617","0.88736","NA","0.00393","NA","mtdna101","60",NA,"NaN","external","dioecism","Actinopteri","Tetraodontiformes","Balistidae","Balistes","capriscus","1.86870705602434","5.33763908066106","24.2729326706127"
"22","Balistes capriscus","Grey triggerfish","Antoni et al. 2011 North American Journal of Fisheries 31:714-721","USA","South Texas","26.0188888888889","-97.0011111111111","GTRIGGM","2008.5","ND4","29","617","0.89195","NA","0.00451","NA","mtdna101","60",NA,"NaN","external","dioecism","Actinopteri","Tetraodontiformes","Balistidae","Balistes","capriscus","1.86870705602434","5.33763908066106","24.2729326706127"
"23","Balistes capriscus","Grey triggerfish","Antoni et al. 2011 North American Journal of Fisheries 31:714-721","USA","West Florida","30.150349","-86.485161","GTRIGGM","2008.5","ND4","29","617","0.87957","NA","0.003386","NA","mtdna101","60",NA,"NaN","external","dioecism","Actinopteri","Tetraodontiformes","Balistidae","Balistes","capriscus","1.86870705602434","5.33763908066106","24.2729326706127"
"24","Beryx decadactylus","Alfonsino","Friess & Sedberry 2011 Journal of Fish Biology 78:466-478","United States","Charleston Bump ","32.0936","-75.9942",NA,"2005","control region","141","403","0.799","NA","0.0041","NA","mtdna101","100",NA,"NaN","external","dioecism","Actinopteri","Beryciformes","Berycidae","Beryx","decadactylus","6.87527494827256","20.7911523925137","752432.415452632"
"25","Centropristis striata","Black seabass","Roy et. al 2012 Marine and Coastal Fisheries: Dynamics, Management, and Ecosystem Service 4:391-402","USA","CT","41.1","-72.8","BSBASSMATLC","","control region","13","342","0.641","0.041602515","0.002","0.0005547","mtdna101","66",NA,"NaN","external","protogyny","Actinopteri","Perciformes","Serranidae","Centropristis","striata","2.92612063613648","8.27937835672561","201.52959358093"
"26","Centropristis striata","Black seabass","Roy et. al 2012 Marine and Coastal Fisheries: Dynamics, Management, and Ecosystem Service 4:391-402","USA","FL","27.7","-80.4",NA,"","control region","53","342","0.861","0.005494423","0.007","0.000686803","mtdna101","66",NA,"NaN","external","protogyny","Actinopteri","Perciformes","Serranidae","Centropristis","striata","2.92612063613648","8.27937835672561","201.52959358093"
"27","Centropristis striata","Black seabass","Roy et. al 2012 Marine and Coastal Fisheries: Dynamics, Management, and Ecosystem Service 4:391-402","USA","GA","31.6","-80.7",NA,"","control region","40","342","0.887","0.006798897","0.008","0.000790569","mtdna101","66",NA,"NaN","external","protogyny","Actinopteri","Perciformes","Serranidae","Centropristis","striata","2.92612063613648","8.27937835672561","201.52959358093"
"28","Centropristis striata","Black seabass","Roy et. al 2012 Marine and Coastal Fisheries: Dynamics, Management, and Ecosystem Service 4:391-402","USA","GoM","29.5","-84.7",NA,"","control region","57","342","0.999","0.000529813","0.015","0.001059626","mtdna101","66",NA,"NaN","external","protogyny","Actinopteri","Perciformes","Serranidae","Centropristis","striata","2.92612063613648","8.27937835672561","201.52959358093"
"29","Centropristis striata","Black seabass","Roy et. al 2012 Marine and Coastal Fisheries: Dynamics, Management, and Ecosystem Service 4:391-402","USA","NC","34.3","-77.4",NA,"","control region","56","342","0.87","0.005077964","0.006","0.000534522","mtdna101","66",NA,"NaN","external","protogyny","Actinopteri","Perciformes","Serranidae","Centropristis","striata","2.92612063613648","8.27937835672561","201.52959358093"
"30","Centropristis striata","Black seabass","Roy et. al 2012 Marine and Coastal Fisheries: Dynamics, Management, and Ecosystem Service 4:391-402","USA","NJ","39.5","-73.8","BSBASSMATLC","","control region","28","342","0.442","0.021921939","0.003","0.000377964","mtdna101","66",NA,"NaN","external","protogyny","Actinopteri","Perciformes","Serranidae","Centropristis","striata","2.92612063613648","8.27937835672561","201.52959358093"
"31","Centropristis striata","Black seabass","Roy et. al 2012 Marine and Coastal Fisheries: Dynamics, Management, and Ecosystem Service 4:391-402","USA","OI","35.8","-75.4","BSBASSMATLC","","control region","8","342","0.25","0.06363961","0.001","0.000353553","mtdna101","66",NA,"NaN","external","protogyny","Actinopteri","Perciformes","Serranidae","Centropristis","striata","2.92612063613648","8.27937835672561","201.52959358093"
"32","Centropristis striata","Black seabass","Roy et. al 2012 Marine and Coastal Fisheries: Dynamics, Management, and Ecosystem Service 4:391-402","USA","SC32","32.3","-79.7",NA,"","control region","39","342","0.815","0.009767817","0.006","0.000640513","mtdna101","66",NA,"NaN","external","protogyny","Actinopteri","Perciformes","Serranidae","Centropristis","striata","2.92612063613648","8.27937835672561","201.52959358093"
"33","Centropristis striata","Black seabass","Roy et. al 2012 Marine and Coastal Fisheries: Dynamics, Management, and Ecosystem Service 4:391-402","USA","SC33","33.3","-78.7",NA,"","control region","40","342","0.846","0.008063808","0.005","0.000474342","mtdna101","66",NA,"NaN","external","protogyny","Actinopteri","Perciformes","Serranidae","Centropristis","striata","2.92612063613648","8.27937835672561","201.52959358093"
"34","Centropristis striata","Black seabass","Roy et. al 2012 Marine and Coastal Fisheries: Dynamics, Management, and Ecosystem Service 4:391-402","USA","VA","36.9","-75.5","BSBASSMATLC","","control region","30","342","0.361","0.019900586","0.002","0.000365148","mtdna101","66",NA,"NaN","external","protogyny","Actinopteri","Perciformes","Serranidae","Centropristis","striata","2.92612063613648","8.27937835672561","201.52959358093"
"35","Clupea pallasii pallasii","Pacific herring","Grant et al. 2012 Molecular Phylogenetics and Evolution 65:203-212","United States","Coastal Washington, NE Pacific ","47.7511","-124.6",NA,"2005","control region","84","463","0.98","0.000872872","0.0238","0.001320218","mtdna101","46","c(12200, 28500, 37600, 38000, 41000, 41000, 134000)","47471.4285714286","external","dioecism","Actinopteri","Clupeiformes","Clupeidae","Clupea","pallasii pallasii","3.81776192229001","10.981990546735","840.103501196476"
"36","Cynoscion nebulosus","Spotted weakfish","Anderson and Karel 2009 Marine and Coastal Fisheries: Dynamics, Management, and Ecosystem Science 1:121-132","USA","AB","28","-96.9",NA,"2003-2005","control region","42","373","0.89","NA","0.006","NA","mtdna101","100","c(NA, 511859, 2882172)","1697015.5","external","dioecism","Actinopteri","Perciformes","Sciaenidae","Cynoscion","nebulosus","3.62080092948408","14.9298670435812","2885.57141511516"
"37","Cynoscion nebulosus","Spotted weakfish","Anderson and Karel 2009 Marine and Coastal Fisheries: Dynamics, Management, and Ecosystem Science 1:121-132","USA","CC","27.7","-97.2",NA,"2003-2005","control region","42","373","0.89","NA","0.007","NA","mtdna101","100","c(NA, 511859, 2882172)","1697015.5","external","dioecism","Actinopteri","Perciformes","Sciaenidae","Cynoscion","nebulosus","3.62080092948408","14.9298670435812","2885.57141511516"
"38","Cynoscion nebulosus","Spotted weakfish","Anderson and Karel 2009 Marine and Coastal Fisheries: Dynamics, Management, and Ecosystem Science 1:121-132","USA","EM","28.69","-95.8",NA,"2003-2005","control region","28","373","0.92","NA","0.007","NA","mtdna101","100","c(NA, 511859, 2882172)","1697015.5","external","dioecism","Actinopteri","Perciformes","Sciaenidae","Cynoscion","nebulosus","3.62080092948408","14.9298670435812","2885.57141511516"
"39","Cynoscion nebulosus","Spotted weakfish","Anderson and Karel 2009 Marine and Coastal Fisheries: Dynamics, Management, and Ecosystem Science 1:121-132","USA","LL","26.3","-97.27",NA,"2003-2005","control region","27","373","0.89","NA","0.007","NA","mtdna101","100","c(NA, 511859, 2882172)","1697015.5","external","dioecism","Actinopteri","Perciformes","Sciaenidae","Cynoscion","nebulosus","3.62080092948408","14.9298670435812","2885.57141511516"
"40","Cynoscion nebulosus","Spotted weakfish","Anderson and Karel 2009 Marine and Coastal Fisheries: Dynamics, Management, and Ecosystem Science 1:121-132","USA","MB","28.4","-96.35",NA,"2003-2005","control region","27","373","0.94","NA","0.007","NA","mtdna101","100","c(NA, 511859, 2882172)","1697015.5","external","dioecism","Actinopteri","Perciformes","Sciaenidae","Cynoscion","nebulosus","3.62080092948408","14.9298670435812","2885.57141511516"
"41","Cynoscion nebulosus","Spotted weakfish","Anderson and Karel 2009 Marine and Coastal Fisheries: Dynamics, Management, and Ecosystem Science 1:121-132","USA","SB","28.27","-96.7",NA,"2003-2005","control region","40","373","0.9","NA","0.007","NA","mtdna101","100","c(NA, 511859, 2882172)","1697015.5","external","dioecism","Actinopteri","Perciformes","Sciaenidae","Cynoscion","nebulosus","3.62080092948408","14.9298670435812","2885.57141511516"
"42","Cynoscion nebulosus","Spotted weakfish","Anderson and Karel 2009 Marine and Coastal Fisheries: Dynamics, Management, and Ecosystem Science 1:121-132","USA","SL","29.8","-93.8",NA,"2003-2005","control region","44","373","0.75","NA","0.005","NA","mtdna101","100","c(NA, 511859, 2882172)","1697015.5","external","dioecism","Actinopteri","Perciformes","Sciaenidae","Cynoscion","nebulosus","3.62080092948408","14.9298670435812","2885.57141511516"
"43","Cynoscion nebulosus","Spotted weakfish","Anderson and Karel 2009 Marine and Coastal Fisheries: Dynamics, Management, and Ecosystem Science 1:121-132","USA","UL","27.25","-97.4",NA,"2003-2005","control region","30","373","0.87","NA","0.006","NA","mtdna101","100","c(NA, 511859, 2882172)","1697015.5","external","dioecism","Actinopteri","Perciformes","Sciaenidae","Cynoscion","nebulosus","3.62080092948408","14.9298670435812","2885.57141511516"
"44","Engraulis eurystole","Silver anchovy","Silva, Horne & Castilho 2014 J. Biogeogr. 41:1171-1182","USA","USA","41.5","-66.1",NA,"2006","cytb","12","1045","0.909","NA","0.004","NA","mtdna102","15.5",NA,"NaN","external","dioecism","Actinopteri","Clupeiformes","Engraulidae","Engraulis","eurystole","1.10476260534983","4.25821525146225","14.196187945148"
"45","Epinephelus itajara","Atlantic goliath grouper","Craig et. al 2008 Endangered Species Research Preprint 1-8","USA","Florida","25.9166666666667","-81.6333333333333",NA,"","16S","30","590","0.303","NA","6e-04","NA","mtdna101","250",NA,"NaN","external","protogyny","Actinopteri","Perciformes","Serranidae","Epinephelus","itajara","11.508681358826","33.6958360206378","451525079.869069"
"46","Epinephelus striatus","Nassau grouper","Jackson et al. 2014 PLoS ONE 9:e97508","USA","Florida Keys","24.766114","-80.982893",NA,"1994","ATPase, cytb","31","1419","0.817","NA","0.0011","NA","mtdna102","122",NA,"NaN","external","protogyny","Actinopteri","Perciformes","Serranidae","Epinephelus","striatus","6.91978468399802","19.1025757355132","140059.706967867"
"47","Gadus macrocephalus","Pacific cod","Canino et al. 2010 Molecular Ecology 19:4339-4351","USA","Coastal Washington","47.0847222222222","-125.050833333333",NA,"2005","ND2, cytb","37","1509","0.9745","NA","0.003","NA","mtdna101","119","c(679500, 1e+06, 2e+06, 2e+06, 3e+06, 3e+06, 3300000, 4e+06, 5700000)","2742166.66666667","external","dioecism","Actinopteri","Gadiformes","Gadidae","Gadus","macrocephalus","2.48573199936992","12.2938221007344","525.792571316386"
"48","Gadus macrocephalus","Pacific cod","Canino et al. 2010 Molecular Ecology 19:4339-4351","USA","Puget Sound","47.583333","-122.5",NA,"2006","ND2, cytb","32","1509","0.9456","NA","0.004","NA","mtdna101","119","c(679500, 1e+06, 2e+06, 2e+06, 3e+06, 3e+06, 3300000, 4e+06, 5700000)","2742166.66666667","external","dioecism","Actinopteri","Gadiformes","Gadidae","Gadus","macrocephalus","2.48573199936992","12.2938221007344","525.792571316386"
"49","Gadus macrocephalus","Pacific cod","Canino et al. 2010 Molecular Ecology 19:4339-4351","USA","Strait of Georgia","48.9","-123.1","PCODWCVANI","2003","ND2, cytb","35","1509","0.9529","NA","0.004","NA","mtdna101","119","c(679500, 1e+06, 2e+06, 2e+06, 3e+06, 3e+06, 3300000, 4e+06, 5700000)","2742166.66666667","external","dioecism","Actinopteri","Gadiformes","Gadidae","Gadus","macrocephalus","2.48573199936992","12.2938221007344","525.792571316386"
"50","Gadus macrocephalus","Pacific cod","Liu et al. 2010 Journal of Fish Biology 77:1071-1082 ","Northwestern Pacific Ocean ","Gulf of Georgia","49.17593","-123.620235",NA,"2003","control region","20","452","0.42","0.12","0.00022","0.00044","mtdna101","119","c(679500, 1e+06, 2e+06, 2e+06, 3e+06, 3e+06, 3300000, 4e+06, 5700000)","2742166.66666667","external","dioecism","Actinopteri","Gadiformes","Gadidae","Gadus","macrocephalus","2.48573199936992","12.2938221007344","525.792571316386"
"51","Gadus morhua","Atlantic cod","Lait, Marshall & Carr 2018 Ecology and Evolution 8:6420-6437","USA","Georges Bank","41.066253","-68.564823",NA,"1995","mitogenome","10","16575","1","NA","0.0022","NA","mtdna102","200","c(NA, NA, NA, NA, NA, NA, NA, NA, NA, NA, NA, NA, NA, NA, 358500, 370900, 434200, 726000, 1887500, 2325000, 4472000, 5e+06, 5e+06, 6095700, 6123400, 6652390, 6898000, 6928000, 8635180, 9e+06, 9100000, 9100000, 25784161, 31700000)","7329546.55","external","dioecism","Actinopteri","Gadiformes","Gadidae","Gadus","morhua","2.52598552258364","14.5398226416423","10233.5558774007"
"52","Ginglymostoma cirratum","Nurse shark","Karl et al. 2012 Marine Biology 159:489-498","USA","FLD","29.380941","-83.199384",NA,"","control region, cytochrome c oxidase subunit I","37","1166","0.16","0.0132","1e-04","3.3e-05","mtdna101","430","21","21","internal (oviduct)","dioecism","Chondrichthyes","Orectolobiformes","Ginglymostomatidae","Ginglymostoma","cirratum","12.954764342898","33.0383104658805","28419769877.8569"
"53","Hippocampus ingens","Pacific seahorse","Saarman et. al 2010 Conservation Genetics 11:1989-2000","USA","San Diego","34.18","-119.93",NA,"","control region","18","428","0.471","NA","0.0011","NA","mtdna101","30","400","400","in brood pouch or similar structure","dioecism","Actinopteri","Syngnathiformes","Syngnathidae","Hippocampus","ingens","0.626317112432618","2.62214412973471","5.55034780715427"
"54","Holocentrus adscensionis","Squirrelfish","Bowen et al. 2006 Marine Biology 149:899-913","USA","Florida","25.086","-81.841437",NA,"1990-1997","cytb","7","769","1","NA","0.005","NA","mtdna101","61",NA,"NaN","external","dioecism","Actinopteri","Holocentriformes","Holocentridae","Holocentrus","adscensionis","1.0124813443115","2.719288003408","3.73568446224149"
"55","Leuresthes tenuis","California grunion","Johnson et al. 2009 Copeia 3: 465-474","United States","Crown Memorial State Beach, CA (SF)","37.75","-122.25",NA,"2006","control region","21","957","0.895","0.0133","0.002","0.000218","mtdna101","19","18000","18000","external","dioecism","Actinopteri","Atheriniformes","Atherinopsidae","Leuresthes","tenuis","1.20650940571249","3.37572763531553","11.8463986403293"
"56","Leuresthes tenuis","California grunion","Johnson et al. 2009 Copeia 3: 465-474","United States","Doheny State Beach, CA (OC)","33.45","-117.6833",NA,"2006","control region","12","957","0.939","0.0167","0.002","0.000289","mtdna101","19","18000","18000","external","dioecism","Actinopteri","Atheriniformes","Atherinopsidae","Leuresthes","tenuis","1.20650940571249","3.37572763531553","11.8463986403293"
"57","Leuresthes tenuis","California grunion","Johnson et al. 2009 Copeia 3: 465-474","United States","Malibu Lagoon State Beach, CA (LA)","34.0333333333333","-118.6667",NA,"2006","control region","17","957","0.846","0.0216","0.002","0.000243","mtdna101","19","18000","18000","external","dioecism","Actinopteri","Atheriniformes","Atherinopsidae","Leuresthes","tenuis","1.20650940571249","3.37572763531553","11.8463986403293"
"58","Lutjanus analis","Mutton snapper","Carson et al. 2011 Fishery Bulletin 109:416-428","USA","Florida Keys","24.628389","-81.94968","MUTSNAPSATLCGM","2008","ND4","27","590","0.835","NA","0.003","NA","mtdna101","94",NA,"NaN","external","dioecism","Actinopteri","Lutjaniformes","Lutjanidae","Lutjanus","analis","3.72872419116284","17.869101524213","44403.2310353015"
"59","Lutjanus synagris","Lane snapper","Gold et al. 2011 North American Journal of Fisheries Management 31:209-223","United States","Florida Keys (Marathon)","24.7556","-81.1231",NA,"2008","ND4","32","590","NA","NA","0.0046","NA","mtdna101","60",NA,"NaN","external","dioecism","Actinopteri","Lutjaniformes","Lutjanidae","Lutjanus","synagris","2.07921083199983","8.42102124479846","413.210523176045"
"60","Menidia menidia","Atlantic silverside","Mach et al. 2011 Marine Biology 158:515-530 ","USA","Broad Cove, ME","44.02","-69.24",NA,"2005.5","D-loop","39","340","0.33","NA","0.001","NA","mtdna101","15","179","179","external","dioecism","Actinopteri","Atheriniformes","Atherinopsidae","Menidia","menidia","0.734902262833379","2.37229354533747","4.65362847036396"
"61","Menidia menidia","Atlantic silverside","Mach et al. 2011 Marine Biology 158:515-530 ","USA","Folly Beach, SC","32.43","-79.05",NA,"2006","D-loop","15","340","0.86","NA","0.005","NA","mtdna101","15","179","179","external","dioecism","Actinopteri","Atheriniformes","Atherinopsidae","Menidia","menidia","0.734902262833379","2.37229354533747","4.65362847036396"
"62","Menidia menidia","Atlantic silverside","Mach et al. 2011 Marine Biology 158:515-530 ","USA","Hatteras Inlet, NC","35.11","-75.42",NA,"2006","D-loop","23","340","0.45","NA","0.002","NA","mtdna101","15","179","179","external","dioecism","Actinopteri","Atheriniformes","Atherinopsidae","Menidia","menidia","0.734902262833379","2.37229354533747","4.65362847036396"
"63","Menidia menidia","Atlantic silverside","Mach et al. 2011 Marine Biology 158:515-530 ","USA","Jekyll Island, GA","31.03","-81.26",NA,"2006","D-loop","24","340","0.7","NA","0.004","NA","mtdna101","15","179","179","external","dioecism","Actinopteri","Atheriniformes","Atherinopsidae","Menidia","menidia","0.734902262833379","2.37229354533747","4.65362847036396"
"64","Menidia menidia","Atlantic silverside","Mach et al. 2011 Marine Biology 158:515-530 ","USA","Kittery Point, ME","43.05","-70.4",NA,"2006","D-loop","22","340","0.55","NA","0.002","NA","mtdna101","15","179","179","external","dioecism","Actinopteri","Atheriniformes","Atherinopsidae","Menidia","menidia","0.734902262833379","2.37229354533747","4.65362847036396"
"65","Menidia menidia","Atlantic silverside","Mach et al. 2011 Marine Biology 158:515-530 ","USA","Little River, SC","33.52","-78.36",NA,"2005","D-loop","20","340","0.84","NA","0.005","NA","mtdna101","15","179","179","external","dioecism","Actinopteri","Atheriniformes","Atherinopsidae","Menidia","menidia","0.734902262833379","2.37229354533747","4.65362847036396"
"66","Menidia menidia","Atlantic silverside","Mach et al. 2011 Marine Biology 158:515-530 ","USA","Morehead City, NC","34.43","-76.41",NA,"2005.5","D-loop","39","340","0.58","NA","0.002","NA","mtdna101","15","179","179","external","dioecism","Actinopteri","Atheriniformes","Atherinopsidae","Menidia","menidia","0.734902262833379","2.37229354533747","4.65362847036396"
"67","Menidia menidia","Atlantic silverside","Mach et al. 2011 Marine Biology 158:515-530 ","USA","Mt. Desert Island, ME","44.26","-68.2",NA,"2006","D-loop","23","340","0.25","NA","0.001","NA","mtdna101","15","179","179","external","dioecism","Actinopteri","Atheriniformes","Atherinopsidae","Menidia","menidia","0.734902262833379","2.37229354533747","4.65362847036396"
"68","Menidia menidia","Atlantic silverside","Mach et al. 2011 Marine Biology 158:515-530 ","USA","Narragansett Bay, RI","41.38","-71.24",NA,"2006","D-loop","21","340","0.82","NA","0.004","NA","mtdna101","15","179","179","external","dioecism","Actinopteri","Atheriniformes","Atherinopsidae","Menidia","menidia","0.734902262833379","2.37229354533747","4.65362847036396"
"69","Menidia menidia","Atlantic silverside","Mach et al. 2011 Marine Biology 158:515-530 ","USA","Oregon Inlet, NC","35.47","-75.31",NA,"2006","D-loop","23","340","0.8","NA","0.004","NA","mtdna101","15","179","179","external","dioecism","Actinopteri","Atheriniformes","Atherinopsidae","Menidia","menidia","0.734902262833379","2.37229354533747","4.65362847036396"
"70","Menidia menidia","Atlantic silverside","Mach et al. 2011 Marine Biology 158:515-530 ","USA","Patchogue, NJ","40.45","-73",NA,"2005.5","D-loop","34","340","0.73","NA","0.004","NA","mtdna101","15","179","179","external","dioecism","Actinopteri","Atheriniformes","Atherinopsidae","Menidia","menidia","0.734902262833379","2.37229354533747","4.65362847036396"
"71","Menidia menidia","Atlantic silverside","Mach et al. 2011 Marine Biology 158:515-530 ","USA","Patterson Park, MD","38.24","-76.31",NA,"2006","D-loop","23","340","0.46","NA","0.002","NA","mtdna101","15","179","179","external","dioecism","Actinopteri","Atheriniformes","Atherinopsidae","Menidia","menidia","0.734902262833379","2.37229354533747","4.65362847036396"
"72","Menidia menidia","Atlantic silverside","Mach et al. 2011 Marine Biology 158:515-530 ","USA","Pawleys Island, SC","33.24","-79.08",NA,"2006","D-loop","23","340","0.85","NA","0.004","NA","mtdna101","15","179","179","external","dioecism","Actinopteri","Atheriniformes","Atherinopsidae","Menidia","menidia","0.734902262833379","2.37229354533747","4.65362847036396"
"73","Menidia menidia","Atlantic silverside","Mach et al. 2011 Marine Biology 158:515-530 ","USA","Sandy Hook, NJ","40.25","-73.59",NA,"2006","D-loop","23","340","0.63","NA","0.003","NA","mtdna101","15","179","179","external","dioecism","Actinopteri","Atheriniformes","Atherinopsidae","Menidia","menidia","0.734902262833379","2.37229354533747","4.65362847036396"
"74","Menidia menidia","Atlantic silverside","Mach et al. 2011 Marine Biology 158:515-530 ","USA","Sandy Pt Park, MD","39.01","-76.24",NA,"2006","D-loop","24","340","0.5","NA","0.002","NA","mtdna101","15","179","179","external","dioecism","Actinopteri","Atheriniformes","Atherinopsidae","Menidia","menidia","0.734902262833379","2.37229354533747","4.65362847036396"
"75","Menidia menidia","Atlantic silverside","Mach et al. 2011 Marine Biology 158:515-530 ","USA","Silver Beach, VA","37.29","-75.57",NA,"2005.5","D-loop","33","340","0.54","NA","0.002","NA","mtdna101","15","179","179","external","dioecism","Actinopteri","Atheriniformes","Atherinopsidae","Menidia","menidia","0.734902262833379","2.37229354533747","4.65362847036396"
"76","Menidia menidia","Atlantic silverside","Mach et al. 2011 Marine Biology 158:515-530 ","USA","St. Andrews, NB","45.05","-67.04",NA,"2005.5","D-loop","39","340","0.31","NA","0.001","NA","mtdna101","15","179","179","external","dioecism","Actinopteri","Atheriniformes","Atherinopsidae","Menidia","menidia","0.734902262833379","2.37229354533747","4.65362847036396"
"77","Menidia menidia","Atlantic silverside","Mach et al. 2011 Marine Biology 158:515-530 ","USA","St. Augustine Beach, FL","29.41","-81.15",NA,"2005","D-loop","19","340","0.6","NA","0.003","NA","mtdna101","15","179","179","external","dioecism","Actinopteri","Atheriniformes","Atherinopsidae","Menidia","menidia","0.734902262833379","2.37229354533747","4.65362847036396"
"78","Menidia menidia","Atlantic silverside","Mach et al. 2011 Marine Biology 158:515-530 ","USA","St. John, NB","45.13","-66.08",NA,"2006","D-loop","19","340","0.11","NA","0.001","NA","mtdna101","15","179","179","external","dioecism","Actinopteri","Atheriniformes","Atherinopsidae","Menidia","menidia","0.734902262833379","2.37229354533747","4.65362847036396"
"79","Menidia menidia","Atlantic silverside","Mach et al. 2011 Marine Biology 158:515-530 ","USA","Tuckerton, NJ","39.24","-74.2",NA,"2005.5","D-loop","25","340","0.64","NA","0.004","NA","mtdna101","15","179","179","external","dioecism","Actinopteri","Atheriniformes","Atherinopsidae","Menidia","menidia","0.734902262833379","2.37229354533747","4.65362847036396"
"80","Menidia menidia","Atlantic silverside","Mach et al. 2011 Marine Biology 158:515-530 ","USA","Tybee Island, GA","32","-80.57",NA,"2005.5","D-loop","39","340","0.76","NA","0.004","NA","mtdna101","15","179","179","external","dioecism","Actinopteri","Atheriniformes","Atherinopsidae","Menidia","menidia","0.734902262833379","2.37229354533747","4.65362847036396"
"81","Menidia menidia","Atlantic silverside","Mach et al. 2011 Marine Biology 158:515-530 ","USA","Waquoit Bay, MA","41.35","-70.31",NA,"2005.5","D-loop","36","340","0.5","NA","0.002","NA","mtdna101","15","179","179","external","dioecism","Actinopteri","Atheriniformes","Atherinopsidae","Menidia","menidia","0.734902262833379","2.37229354533747","4.65362847036396"
"82","Merluccius albidus","Offshore silver hake","Machado-Schiaffino et al. 2010 Molecular Phylogenetics and Evolution 55:552-558","USA","Ma-C","37.5","-74",NA,"2003","control region","28","900","0.548","0.114","0.0669","NA","mtdna101","40.5999984741211","340000","340000","external","dioecism","Actinopteri","Gadiformes","Merlucciidae","Merluccius","albidus","1.55368615797297","6.58654797278184","42.8328479509703"
"83","Merluccius albidus","Offshore silver hake","Machado-Schiaffino et al. 2010 Molecular Phylogenetics and Evolution 55:552-558","USA","Ma-N","40","-70",NA,"2003","control region","27","900","0.655","0.105","0.0798","NA","mtdna101","40.5999984741211","340000","340000","external","dioecism","Actinopteri","Gadiformes","Merlucciidae","Merluccius","albidus","1.55368615797297","6.58654797278184","42.8328479509703"
"84","Merluccius albidus","Offshore silver hake","Machado-Schiaffino et al. 2010 Molecular Phylogenetics and Evolution 55:552-558","USA","Ma-S","35.5","-74.5",NA,"2003","control region","35","900","0.694","0.081","0.0793","NA","mtdna101","40.5999984741211","340000","340000","external","dioecism","Actinopteri","Gadiformes","Merlucciidae","Merluccius","albidus","1.55368615797297","6.58654797278184","42.8328479509703"
"85","Merluccius bilinearis","Silver hake","Machado-Schiaffino et al. 2010 Molecular Phylogenetics and Evolution 55:552-558","USA","Mb-CN","41","-69","SHAKEGOMNGB","2003","control region","117","900","0.827","0.022","0.0044","NA","mtdna101","76","7e+05","7e+05","external","dioecism","Actinopteri","Gadiformes","Merlucciidae","Merluccius","bilinearis","2.50606769263166","10.971575232472","413.37705461901"
"86","Merluccius bilinearis","Silver hake","Machado-Schiaffino et al. 2010 Molecular Phylogenetics and Evolution 55:552-558","USA","Mb-CS","39.5","-72","SHAKESGBMATL","2003","control region","32","900","0.699","0.055","0.0029","NA","mtdna101","76","7e+05","7e+05","external","dioecism","Actinopteri","Gadiformes","Merlucciidae","Merluccius","bilinearis","2.50606769263166","10.971575232472","413.37705461901"
"87","Merluccius bilinearis","Silver hake","Machado-Schiaffino et al. 2010 Molecular Phylogenetics and Evolution 55:552-558","USA","Mb-N","43","-66.5","SHAKEGOMNGB","2003","control region","29","900","0.855","0.051","0.0047","NA","mtdna101","76","7e+05","7e+05","external","dioecism","Actinopteri","Gadiformes","Merlucciidae","Merluccius","bilinearis","2.50606769263166","10.971575232472","413.37705461901"
"88","Merluccius bilinearis","Silver hake","Machado-Schiaffino et al. 2010 Molecular Phylogenetics and Evolution 55:552-558","USA","Mb-S","37.5","-74","SHAKESGBMATL","2003","control region","30","900","0.637","0.054","0.0024","NA","mtdna101","76","7e+05","7e+05","external","dioecism","Actinopteri","Gadiformes","Merlucciidae","Merluccius","bilinearis","2.50606769263166","10.971575232472","413.37705461901"
"89","Micropogonias undulatus","Atlantic croaker","Anderson, O'Leary & Cooper 2019 Marine and Coastal Fisheries: Dynamics, Management and Ecosystem Science 11:3-16","USA","Apalachicola","29.719077","-84.968155",NA,"2016","control region","36","424","0.983","NA","0.016","NA","mtdna102","55",NA,"NaN",NA,NA,"Actinopteri",NA,"Sciaenidae","Micropogonias","undulatus","1.5673932692568","6.26938568393566","30.4307486216453"
"90","Micropogonias undulatus","Atlantic croaker","Anderson, O'Leary & Cooper 2019 Marine and Coastal Fisheries: Dynamics, Management and Ecosystem Science 11:3-16","USA","Bay St. Louis","30.30666","-89.311634",NA,"2016","control region","35","424","0.966","NA","0.013","NA","mtdna102","55",NA,"NaN",NA,NA,"Actinopteri",NA,"Sciaenidae","Micropogonias","undulatus","1.5673932692568","6.26938568393566","30.4307486216453"
"91","Micropogonias undulatus","Atlantic croaker","Anderson, O'Leary & Cooper 2019 Marine and Coastal Fisheries: Dynamics, Management and Ecosystem Science 11:3-16","USA","Cedar Lakes","28.827367","-95.528208",NA,"2016","control region","66","424","0.976","NA","0.015","NA","mtdna102","55",NA,"NaN",NA,NA,"Actinopteri",NA,"Sciaenidae","Micropogonias","undulatus","1.5673932692568","6.26938568393566","30.4307486216453"
"92","Micropogonias undulatus","Atlantic croaker","Anderson, O'Leary & Cooper 2019 Marine and Coastal Fisheries: Dynamics, Management and Ecosystem Science 11:3-16","USA","Jacksonville","30.403458","-81.38047",NA,"2016","control region","30","424","0.926","NA","0.012","NA","mtdna102","55",NA,"NaN",NA,NA,"Actinopteri",NA,"Sciaenidae","Micropogonias","undulatus","1.5673932692568","6.26938568393566","30.4307486216453"
"93","Micropogonias undulatus","Atlantic croaker","Anderson, O'Leary & Cooper 2019 Marine and Coastal Fisheries: Dynamics, Management and Ecosystem Science 11:3-16","USA","Laguna Madre","26.726098","-97.43534",NA,"2016","control region","63","424","0.97","NA","0.012","NA","mtdna102","55",NA,"NaN",NA,NA,"Actinopteri",NA,"Sciaenidae","Micropogonias","undulatus","1.5673932692568","6.26938568393566","30.4307486216453"
"94","Micropogonias undulatus","Atlantic croaker","Anderson, O'Leary & Cooper 2019 Marine and Coastal Fisheries: Dynamics, Management and Ecosystem Science 11:3-16","USA","Sabine Lake","29.913284","-93.845511",NA,"2016","control region","45","424","0.972","NA","0.013","NA","mtdna102","55",NA,"NaN",NA,NA,"Actinopteri",NA,"Sciaenidae","Micropogonias","undulatus","1.5673932692568","6.26938568393566","30.4307486216453"
"95","Microstomus pacificus","Dover sole","Stepien 1999","USA","Cape Mendocino, Northern California","40","-124","DSOLEPCOAST","","control region","19","471","0.98","NA","0.011","NA","mtdna101","76","c(NA, 167046, 230000, 266000)","221015.333333333","external","dioecism","Actinopteri","Pleuronectiformes","Pleuronectidae","Microstomus","pacificus","10.9061606268773","46.577187652047","630086270.792612"
"96","Myripristis jacobus","Blackbar soldierfish","Bowen et al. 2006 Marine Biology 149:899-913","USA","Florida","25.086","-81.841437",NA,"1990-1997","cytb","10","744","0.978","NA","0.004","NA","mtdna101","25",NA,"NaN","external","dioecism","Actinopteri","Holocentriformes","Holocentridae","Myripristis","jacobus","2.77251510476066","7.47524887072822","59.8486884352232"
"97","Ophiodon elongatus","Lingcod","Markos Rogers-Bennet Dennis 2007","USA","Bodega Bay, California","38.334","-123.096967","LINGCODSPCOAST","2000","cytochrome c oxidase subunit I","47","548","NA","NA","0.003","NA","mtdna101","152","60000","60000","external","dioecism","Actinopteri","Perciformes","Hexagrammidae","Ophiodon","elongatus","3.92194549507647","12.5546405959193","1679.65236368993"
"98","Ophiodon elongatus","Lingcod","Markos Rogers-Bennet Dennis 2007","USA","Eureka, California","40.820319","-124.225185","LINGCODSPCOAST","2000","cytochrome c oxidase subunit I","40","548","NA","NA","0.003","NA","mtdna101","152","60000","60000","external","dioecism","Actinopteri","Perciformes","Hexagrammidae","Ophiodon","elongatus","3.92194549507647","12.5546405959193","1679.65236368993"
"99","Ophiodon elongatus","Lingcod","Markos Rogers-Bennet Dennis 2007","USA","Monterey Bay, California","36.614","-122.153004","LINGCODSPCOAST","2000","cytochrome c oxidase subunit I","12","548","NA","NA","0.004","NA","mtdna101","152","60000","60000","external","dioecism","Actinopteri","Perciformes","Hexagrammidae","Ophiodon","elongatus","3.92194549507647","12.5546405959193","1679.65236368993"
"100","Ophiodon elongatus","Lingcod","Markos Rogers-Bennet Dennis 2007","USA","Point Defiance, Washington","47.413","-122.377085","LINGCODNPCOAST","1999","cytochrome c oxidase subunit I","15","548","NA","NA","0.004","NA","mtdna101","152","60000","60000","external","dioecism","Actinopteri","Perciformes","Hexagrammidae","Ophiodon","elongatus","3.92194549507647","12.5546405959193","1679.65236368993"
"101","Ophiodon elongatus","Lingcod","Markos Rogers-Bennet Dennis 2007","USA","San Francisco, California","37.818","-122.544719","LINGCODSPCOAST","2000","cytochrome c oxidase subunit I","30","548","NA","NA","0.003","NA","mtdna101","152","60000","60000","external","dioecism","Actinopteri","Perciformes","Hexagrammidae","Ophiodon","elongatus","3.92194549507647","12.5546405959193","1679.65236368993"
"102","Ophiodon elongatus","Lingcod","Markos Rogers-Bennet Dennis 2007","USA","San Juan Islands, Washington","48.517","-122.953711","LINGCODNPCOAST","1999","cytochrome c oxidase subunit I","20","548","NA","NA","0.002","NA","mtdna101","152","60000","60000","external","dioecism","Actinopteri","Perciformes","Hexagrammidae","Ophiodon","elongatus","3.92194549507647","12.5546405959193","1679.65236368993"
"103","Ophiodon elongatus","Lingcod","Markos Rogers-Bennet Dennis 2007","USA","Straits of Juan de Fuca, Washington","48.316","-123.28435","LINGCODNPCOAST","1999","cytochrome c oxidase subunit I","16","548","NA","NA","0.001","NA","mtdna101","152","60000","60000","external","dioecism","Actinopteri","Perciformes","Hexagrammidae","Ophiodon","elongatus","3.92194549507647","12.5546405959193","1679.65236368993"
"104","Opistognathus aurifrons","Yellowhead jawfish","Ho et al. 2012 Marine Ecology Progress Series 444:275-287","United States","South Florida ","25.349","-80.259",NA,"2009","control region, cytochrome c oxidase subunit I","15","1029","1","NA","0.01007","NA","mtdna101","10",NA,"NaN","external","dioecism","Actinopteri",NA,"Opistognathidae","Opistognathus","aurifrons","2.19724315645384","9.38762416066849","653.824567865486"
"105","Pagrus pagrus","Red porgy","Ball et al. 2007 Mar Biol 150:1321-1332","USA","Gulf of Mexico/Louisiana","29.9","-88.535012",NA,"1999","control region","46","526","0.987","0.01","0.01","0.006","mtdna101","91","48660","48660","external","protogyny","Actinopteri","Spariformes","Sparidae","Pagrus","pagrus","3.97792661310985","15.8213332104052","10223.8082294472"
"106","Pagrus pagrus","Red porgy","Ball et al. 2007 Mar Biol 150:1321-1332","USA","Gulf of Mexico/Panama City, FL","30.155","-85.857669",NA,"2003","control region","20","526","0.984","0.024","0.008","0.005","mtdna101","91","48660","48660","external","protogyny","Actinopteri","Spariformes","Sparidae","Pagrus","pagrus","3.97792661310985","15.8213332104052","10223.8082294472"
"107","Pagrus pagrus","Red porgy","Ball et al. 2007 Mar Biol 150:1321-1332","USA, Western North Atlantic","Georgia","31.5","-80.844436","RPORGYSATLC","2000-2002","control region","20","526","1","0.016","0.008","0.005","mtdna101","91","48660","48660","external","protogyny","Actinopteri","Spariformes","Sparidae","Pagrus","pagrus","3.97792661310985","15.8213332104052","10223.8082294472"
"108","Pagrus pagrus","Red porgy","Ball et al. 2007 Mar Biol 150:1321-1332","USA, Western North Atlantic","North Carolina","34.5","-76.254793","RPORGYSATLC","1999-2002","control region","49","526","0.991","0.007","0.011","0.006","mtdna101","91","48660","48660","external","protogyny","Actinopteri","Spariformes","Sparidae","Pagrus","pagrus","3.97792661310985","15.8213332104052","10223.8082294472"
"109","Pagrus pagrus","Red porgy","Ball et al. 2007 Mar Biol 150:1321-1332","USA, Western North Atlantic","South Carolina","33","-78.7278","RPORGYSATLC","1996-2002","control region","60","526","0.996","0.004","0.01","0.005","mtdna101","91","48660","48660","external","protogyny","Actinopteri","Spariformes","Sparidae","Pagrus","pagrus","3.97792661310985","15.8213332104052","10223.8082294472"
"110","Paralichthys californicus","California flounder","Craig et al. 2011 Bulletin, Southern California Academy of Sciences 110:141-151","USA","Agua Hedionda","33.141301","-117.343668",NA,"","cytb","14","700","0.9231","NA","0.003566","NA","mtdna101","152","c(5e+05, 589000, 8.1e+07)","27363000","external","dioecism","Actinopteri","Pleuronectiformes","Paralichthyidae","Paralichthys","californicus","3.69254137342399","16.4457990391949","175908.589140658"
"111","Paralichthys californicus","California flounder","Craig et al. 2011 Bulletin, Southern California Academy of Sciences 110:141-151","USA","Half Moon Bay","37","-123",NA,"","cytb","17","700","0.8824","NA","0.002894","NA","mtdna101","152","c(5e+05, 589000, 8.1e+07)","27363000","external","dioecism","Actinopteri","Pleuronectiformes","Paralichthyidae","Paralichthys","californicus","3.69254137342399","16.4457990391949","175908.589140658"
"112","Paralichthys californicus","California flounder","Craig et al. 2011 Bulletin, Southern California Academy of Sciences 110:141-151","USA","Los Angeles","33.854146","-118.604253",NA,"","cytb","26","700","0.7785","NA","0.002548","NA","mtdna101","152","c(5e+05, 589000, 8.1e+07)","27363000","external","dioecism","Actinopteri","Pleuronectiformes","Paralichthyidae","Paralichthys","californicus","3.69254137342399","16.4457990391949","175908.589140658"
"113","Paralichthys californicus","California flounder","Craig et al. 2011 Bulletin, Southern California Academy of Sciences 110:141-151","USA","Mission Bay","32.780676","-117.246316",NA,"","cytb","38","700","0.8192","NA","0.003116","NA","mtdna101","152","c(5e+05, 589000, 8.1e+07)","27363000","external","dioecism","Actinopteri","Pleuronectiformes","Paralichthyidae","Paralichthys","californicus","3.69254137342399","16.4457990391949","175908.589140658"
"114","Paralichthys californicus","California flounder","Craig et al. 2011 Bulletin, Southern California Academy of Sciences 110:141-151","USA","Oceanside Harbor","33.208387","-117.397507",NA,"","cytb","31","700","0.7269","NA","0.002078","NA","mtdna101","152","c(5e+05, 589000, 8.1e+07)","27363000","external","dioecism","Actinopteri","Pleuronectiformes","Paralichthyidae","Paralichthys","californicus","3.69254137342399","16.4457990391949","175908.589140658"
"115","Paralichthys californicus","California flounder","Craig et al. 2011 Bulletin, Southern California Academy of Sciences 110:141-151","USA","San Diego","32.74804","-117.305393",NA,"","cytb","30","700","0.6805","NA","0.002093","NA","mtdna101","152","c(5e+05, 589000, 8.1e+07)","27363000","external","dioecism","Actinopteri","Pleuronectiformes","Paralichthyidae","Paralichthys","californicus","3.69254137342399","16.4457990391949","175908.589140658"
"116","Paralichthys californicus","California flounder","Craig et al. 2011 Bulletin, Southern California Academy of Sciences 110:141-151","USA","San Diego Bay","32.668495","-117.142071",NA,"","cytb","35","700","0.8185","NA","0.002833","NA","mtdna101","152","c(5e+05, 589000, 8.1e+07)","27363000","external","dioecism","Actinopteri","Pleuronectiformes","Paralichthyidae","Paralichthys","californicus","3.69254137342399","16.4457990391949","175908.589140658"
"117","Paralichthys californicus","California flounder","Craig et al. 2011 Bulletin, Southern California Academy of Sciences 110:141-151","USA","San Dieguito","33.007198","-117.287726",NA,"","cytb","27","700","0.735","NA","0.001991","NA","mtdna101","152","c(5e+05, 589000, 8.1e+07)","27363000","external","dioecism","Actinopteri","Pleuronectiformes","Paralichthyidae","Paralichthys","californicus","3.69254137342399","16.4457990391949","175908.589140658"
"118","Paralichthys californicus","California flounder","Craig et al. 2011 Bulletin, Southern California Academy of Sciences 110:141-151","USA","Santa Barbara","34.1333333333333","-120",NA,"","cytb","11","700","0.8182","NA","0.002563","NA","mtdna101","152","c(5e+05, 589000, 8.1e+07)","27363000","external","dioecism","Actinopteri","Pleuronectiformes","Paralichthyidae","Paralichthys","californicus","3.69254137342399","16.4457990391949","175908.589140658"
"119","Sardinops sagax","South American pilchard","Bowen & Grant 1997","USA","San Diego, Southern California","32.762","-117.018333333333","SARDPCOAST","1983","control region","15","500","1","NA","0.03","NA","mtdna101","39.5","c(""10000"", ""30000"")","20000","external","dioecism","Actinopteri","Clupeiformes","Clupeidae","Sardinops","sagax","3.9135695359174","11.9375651838347","752.5186083592"
"120","Scomber japonicus","Chub mackerel","Scoles Collette Graves 1998","USA","Panama City, Florida","30.092861","-85.776139",NA,"","cytb","20","418","0.93","NA","0.004","NA","mtdna101","64","c(""101859"", ""195400"", ""441795"", ""86616"")","206417.5","external","dioecism","Actinopteri","Scombriformes","Scombridae","Scomber","japonicus","2.33379025841774","8.60887604759017","258.391252053977"
"121","Scomber japonicus","Chub mackerel","Scoles Collette Graves 1998","USA","San Diego","32.741236","-117.496875","CMACKPCOAST","","cytb","20","418","0.64","NA","0.0014","NA","mtdna101","64","c(""101859"", ""195400"", ""441795"", ""86616"")","206417.5","external","dioecism","Actinopteri","Scombriformes","Scombridae","Scomber","japonicus","2.33379025841774","8.60887604759017","258.391252053977"
"122","Scomber scombrus","Atlantic mackerel","de Souza et al. 2006","USA","Gulf of Maine","44.2886111111111","-68.4180555555556","MACKGOMCHATT","1998","control region","19","316","0.982","NA","0.028","NA","mtdna101","60","c(NA, 104, 144500, 235673, 360000, 397000, 450000, 450000, 541000, 1025000, 1100000, 1158500, 1548400, 1643000, 1980000)","788084.071428571","external","dioecism","Actinopteri","Scombriformes","Scombridae","Scomber","scombrus","3.02859684578935","12.8677498698525","2200.66559511648"
"123","Scomber scombrus","Atlantic mackerel","de Souza et al. 2006","USA","North Carolina","36.835","-75.3716666666667","MACKGOMCHATT","2001","control region","20","316","0.989","NA","0.029","NA","mtdna101","60","c(NA, 104, 144500, 235673, 360000, 397000, 450000, 450000, 541000, 1025000, 1100000, 1158500, 1548400, 1643000, 1980000)","788084.071428571","external","dioecism","Actinopteri","Scombriformes","Scombridae","Scomber","scombrus","3.02859684578935","12.8677498698525","2200.66559511648"
"124","Scomber scombrus","Atlantic mackerel","Scoles Collette Graves 1998","USA","Boston, Massachusetts","42.383603","-70.771923","MACKGOMCHATT","","cytb","20","418","0.85","NA","0.0029","NA","mtdna101","60","c(NA, 104, 144500, 235673, 360000, 397000, 450000, 450000, 541000, 1025000, 1100000, 1158500, 1548400, 1643000, 1980000)","788084.071428571","external","dioecism","Actinopteri","Scombriformes","Scombridae","Scomber","scombrus","3.02859684578935","12.8677498698525","2200.66559511648"
"125","Scomberomorus concolor","Monterey Spanish mackerel","Magalln-Gayn, Diaz-Jaimes & Uribe-Alcocer 2016 PeerJ 4:e2583","USA","Santa Clara","31.6866666666667","-114.499722222222",NA,"2006","cytb","28","873","0.952","0.0049","0.005","5e-04","mtdna102","77",NA,"NaN","external","dioecism","Actinopteri","Scombriformes","Scombridae","Scomberomorus","concolor","2.4439691015178","9.0658618375534","521.917486321036"
"126","Sebastes emphaeus","Puget Sound rockfish","Hempelmann et al. 2004","USA","East side of San Juan Island, near Friday Harbor Laboratories","48.534","-123.001653",NA,"","control region","28","NA","NA","NA","0.012","0.000378","mtdna101","18","c(57000, 57787)","57393.5","internal (oviduct)","dioecism","Actinopteri","Perciformes","Sebastidae","Sebastes","emphaeus","1.97001929195261","8.12252494536597","117.836058928776"
"127","Sebastes emphaeus","Puget Sound rockfish","Hempelmann et al. 2004","USA","North of Shaw Island, Broken Point","48.596","-122.956162",NA,"","control region","25","NA","NA","NA","0.01","4e-04","mtdna101","18","c(57000, 57787)","57393.5","internal (oviduct)","dioecism","Actinopteri","Perciformes","Sebastidae","Sebastes","emphaeus","1.97001929195261","8.12252494536597","117.836058928776"
"128","Sebastes emphaeus","Puget Sound rockfish","Hempelmann et al. 2004","USA","Off Boeing Creek, Seattle","47.753","-122.396214",NA,"","control region","23","NA","NA","NA","0.012","0.000626","mtdna101","18","c(57000, 57787)","57393.5","internal (oviduct)","dioecism","Actinopteri","Perciformes","Sebastidae","Sebastes","emphaeus","1.97001929195261","8.12252494536597","117.836058928776"
"129","Sebastes emphaeus","Puget Sound rockfish","Hempelmann et al. 2004","USA","Point George, South of Shaw Island","48.55","-122.971097",NA,"","control region","32","NA","NA","NA","0.008","0.00053","mtdna101","18","c(57000, 57787)","57393.5","internal (oviduct)","dioecism","Actinopteri","Perciformes","Sebastidae","Sebastes","emphaeus","1.97001929195261","8.12252494536597","117.836058928776"
"130","Sebastes emphaeus","Puget Sound rockfish","Hempelmann et al. 2004","USA","West side of San Juan Island, off Eagle Cove","48.459","-123.062936",NA,"","control region","19","NA","NA","NA","0.012","0.000459","mtdna101","18","c(57000, 57787)","57393.5","internal (oviduct)","dioecism","Actinopteri","Perciformes","Sebastidae","Sebastes","emphaeus","1.97001929195261","8.12252494536597","117.836058928776"
"131","Sebastes emphaeus","Puget Sound rockfish","Sotka et al. 2005 Marine Biotechnology 7:223-230","USA","Friday Harbor","48.553","-123.000833333333",NA,"2003","tRNAPro, D-loop","28","395","NA","NA","0.012","0.000378","mtdna101","18","c(57000, 57787)","57393.5","internal (oviduct)","dioecism","Actinopteri","Perciformes","Sebastidae","Sebastes","emphaeus","1.97001929195261","8.12252494536597","117.836058928776"
"132","Sebastes emphaeus","Puget Sound rockfish","Sotka et al. 2005 Marine Biotechnology 7:223-230","USA","Pt. George","48.559","-122.085833333333",NA,"2003","tRNAPro, D-loop","32","395","NA","NA","0.008","0.00053","mtdna101","18","c(57000, 57787)","57393.5","internal (oviduct)","dioecism","Actinopteri","Perciformes","Sebastidae","Sebastes","emphaeus","1.97001929195261","8.12252494536597","117.836058928776"
"133","Sebastes emphaeus","Puget Sound rockfish","Sotka et al. 2005 Marine Biotechnology 7:223-230","USA","Seattle","47.699","-122.386667",NA,"2003","tRNAPro, D-loop","23","395","NA","NA","0.012","0.000417","mtdna101","18","c(57000, 57787)","57393.5","internal (oviduct)","dioecism","Actinopteri","Perciformes","Sebastidae","Sebastes","emphaeus","1.97001929195261","8.12252494536597","117.836058928776"
"134","Sebastes emphaeus","Puget Sound rockfish","Sotka et al. 2005 Marine Biotechnology 7:223-230","USA","Shaw Island","48.591","-122.151388888889",NA,"2003","tRNAPro, D-loop","25","395","NA","NA","0.01","4e-04","mtdna101","18","c(57000, 57787)","57393.5","internal (oviduct)","dioecism","Actinopteri","Perciformes","Sebastidae","Sebastes","emphaeus","1.97001929195261","8.12252494536597","117.836058928776"
"135","Sebastes emphaeus","Puget Sound rockfish","Sotka et al. 2005 Marine Biotechnology 7:223-230","USA","Westside","48.485","-123.001388888889",NA,"2003","tRNAPro, D-loop","19","395","NA","NA","0.012","0.000459","mtdna101","18","c(57000, 57787)","57393.5","internal (oviduct)","dioecism","Actinopteri","Perciformes","Sebastidae","Sebastes","emphaeus","1.97001929195261","8.12252494536597","117.836058928776"
"136","Sebastes flavidus","Yellowtail rockfish","Hess et al. 2011 Canadian Journal of Fisheries and Aquatic Sciences 68:89-104","United States","Astoria, OR","46.075","-124.51761",NA,"1999","cytb","108","812","0.533","0.004811252","9e-04","7.7e-05","mtdna101","66","c(1146000, 1993000)","1569500","internal (oviduct)","dioecism","Actinopteri","Perciformes","Sebastidae","Sebastes","flavidus","11.0799646877584","53.2667254968619","307624105391.385"
"137","Sebastes flavidus","Yellowtail rockfish","Hess et al. 2011 Canadian Journal of Fisheries and Aquatic Sciences 68:89-104","United States","Cannon Beach, OR 1","45.90849","-124.46891",NA,"1999","cytb","32","812","0.669","0.012727922","0.0012","0.000159099","mtdna101","66","c(1146000, 1993000)","1569500","internal (oviduct)","dioecism","Actinopteri","Perciformes","Sebastidae","Sebastes","flavidus","11.0799646877584","53.2667254968619","307624105391.385"
"138","Sebastes flavidus","Yellowtail rockfish","Hess et al. 2011 Canadian Journal of Fisheries and Aquatic Sciences 68:89-104","United States","Cannon Beach, OR 2","45.69968","-124.50905",NA,"1999","cytb","42","812","0.664","0.006943651","0.0011","0.000123443","mtdna101","66","c(1146000, 1993000)","1569500","internal (oviduct)","dioecism","Actinopteri","Perciformes","Sebastidae","Sebastes","flavidus","11.0799646877584","53.2667254968619","307624105391.385"
"139","Sebastes flavidus","Yellowtail rockfish","Hess et al. 2011 Canadian Journal of Fisheries and Aquatic Sciences 68:89-104","United States","Eureka, CA","40.40833","-124.555",NA,"1999","cytb","5","812","0.7","0.097492564","0.001","0.000447214","mtdna101","66","c(1146000, 1993000)","1569500","internal (oviduct)","dioecism","Actinopteri","Perciformes","Sebastidae","Sebastes","flavidus","11.0799646877584","53.2667254968619","307624105391.385"
"140","Sebastes flavidus","Yellowtail rockfish","Hess et al. 2011 Canadian Journal of Fisheries and Aquatic Sciences 68:89-104","United States","Florence, OR","43.9759","-124.65957",NA,"1999","cytb","74","812","0.628","0.004882401","0.0011","0.000104623","mtdna101","66","c(1146000, 1993000)","1569500","internal (oviduct)","dioecism","Actinopteri","Perciformes","Sebastidae","Sebastes","flavidus","11.0799646877584","53.2667254968619","307624105391.385"
"141","Sebastes flavidus","Yellowtail rockfish","Hess et al. 2011 Canadian Journal of Fisheries and Aquatic Sciences 68:89-104","United States","Fort Bragg, CA","39.48122","-123.85387",NA,"1999","cytb","65","812","0.525","0.008682431","8e-04","8.68e-05","mtdna101","66","c(1146000, 1993000)","1569500","internal (oviduct)","dioecism","Actinopteri","Perciformes","Sebastidae","Sebastes","flavidus","11.0799646877584","53.2667254968619","307624105391.385"
"142","Sebastes flavidus","Yellowtail rockfish","Hess et al. 2011 Canadian Journal of Fisheries and Aquatic Sciences 68:89-104","United States","Neah Bay, WA ","48.50554","-125.79765",NA,"1999","cytb","73","812","0.666","0.005383893","0.0012","0.000105337","mtdna101","66","c(1146000, 1993000)","1569500","internal (oviduct)","dioecism","Actinopteri","Perciformes","Sebastidae","Sebastes","flavidus","11.0799646877584","53.2667254968619","307624105391.385"
"143","Sebastes flavidus","Yellowtail rockfish","Hess et al. 2011 Canadian Journal of Fisheries and Aquatic Sciences 68:89-104","United States","Port Orford, OR","42.72806","-124.67289",NA,"1999","cytb","98","812","0.52","0.005252793","9e-04","7.07e-05","mtdna101","66","c(1146000, 1993000)","1569500","internal (oviduct)","dioecism","Actinopteri","Perciformes","Sebastidae","Sebastes","flavidus","11.0799646877584","53.2667254968619","307624105391.385"
"144","Sebastes flavidus","Yellowtail rockfish","Hess et al. 2011 Canadian Journal of Fisheries and Aquatic Sciences 68:89-104","United States","San Francisco, CA 1","38.075","-123.45167",NA,"1999","cytb","96","812","0.388","0.006531973","6e-04","6.12e-05","mtdna101","66","c(1146000, 1993000)","1569500","internal (oviduct)","dioecism","Actinopteri","Perciformes","Sebastidae","Sebastes","flavidus","11.0799646877584","53.2667254968619","307624105391.385"
"145","Sebastes flavidus","Yellowtail rockfish","Hess et al. 2011 Canadian Journal of Fisheries and Aquatic Sciences 68:89-104","United States","San Francisco, CA 2","37.87756","-123.04324",NA,"1999","cytb","67","812","0.429","0.008674031","7e-04","7.33e-05","mtdna101","66","c(1146000, 1993000)","1569500","internal (oviduct)","dioecism","Actinopteri","Perciformes","Sebastidae","Sebastes","flavidus","11.0799646877584","53.2667254968619","307624105391.385"
"146","Sebastes flavidus","Yellowtail rockfish","Hess et al. 2011 Canadian Journal of Fisheries and Aquatic Sciences 68:89-104","United States","San Luis Obispo, CA","35.15105","-120.82881",NA,"1999","cytb","53","812","0.413","0.010714124","5e-04","6.87e-05","mtdna101","66","c(1146000, 1993000)","1569500","internal (oviduct)","dioecism","Actinopteri","Perciformes","Sebastidae","Sebastes","flavidus","11.0799646877584","53.2667254968619","307624105391.385"
"147","Sebastes flavidus","Yellowtail rockfish","Hess et al. 2011 Canadian Journal of Fisheries and Aquatic Sciences 68:89-104","United States","San Miguel Is., CA ","34.09976","-120.54119",NA,"1999","cytb","7","812","0.286","0.074081037","3e-04","0.000188982","mtdna101","66","c(1146000, 1993000)","1569500","internal (oviduct)","dioecism","Actinopteri","Perciformes","Sebastidae","Sebastes","flavidus","11.0799646877584","53.2667254968619","307624105391.385"
"148","Sebastes flavidus","Yellowtail rockfish","Hess et al. 2011 Canadian Journal of Fisheries and Aquatic Sciences 68:89-104","United States","Santa Barbara, CA","34.34948","-119.60536",NA,"1999","cytb","10","812","0.378","0.057237226","5e-04","0.000158114","mtdna101","66","c(1146000, 1993000)","1569500","internal (oviduct)","dioecism","Actinopteri","Perciformes","Sebastidae","Sebastes","flavidus","11.0799646877584","53.2667254968619","307624105391.385"
"149","Sebastes flavidus","Yellowtail rockfish","Hess et al. 2011 Canadian Journal of Fisheries and Aquatic Sciences 68:89-104","United States","Santa Cruz, CA","36.81341","-122.12877",NA,"1999","cytb","40","812","0.54","0.014546477","8e-04","0.00011068","mtdna101","66","c(1146000, 1993000)","1569500","internal (oviduct)","dioecism","Actinopteri","Perciformes","Sebastidae","Sebastes","flavidus","11.0799646877584","53.2667254968619","307624105391.385"
"150","Sebastes helvomaculatus","Rosethorn rockfish","Rocha-Olivares Vetter 1999","USA","California","38.384647","-123.751836",NA,"1995","control region","25","597","0.88","0.0128","0.0099","0.00112","mtdna101","41",NA,"NaN","internal (oviduct)","dioecism","Actinopteri","Perciformes","Sebastidae","Sebastes","helvomaculatus","9.71010414236387","45.1627318573588","12137327016.9519"
"151","Sebastes helvomaculatus","Rosethorn rockfish","Rocha-Olivares Vetter 1999","USA","Oregon","46.227506","-124.230677",NA,"1995","control region","24","597","0.957","0.0051","0.0114","0.00129","mtdna101","41",NA,"NaN","internal (oviduct)","dioecism","Actinopteri","Perciformes","Sebastidae","Sebastes","helvomaculatus","9.71010414236387","45.1627318573588","12137327016.9519"
"152","Sebastes helvomaculatus","Rosethorn rockfish","Rocha-Olivares Vetter 1999","USA","Vancouver Island, British Columbia","49.639","-125.083333333333",NA,"1995","control region","9","597","0.917","0.0307","0.0097","0.00197","mtdna101","41",NA,"NaN","internal (oviduct)","dioecism","Actinopteri","Perciformes","Sebastidae","Sebastes","helvomaculatus","9.71010414236387","45.1627318573588","12137327016.9519"
"153","Sebastes miniatus","Vermilion rockfish","Hyde & Vetter 2009 Canadian Journal of Fisheries and Aquatic Sciences 66:1569-1581","United States","Bandon, Oregon","43.1175","-124.4349",NA,"","cytb","32","782","0.869","NA","0.002","NA","mtdna101","91","c(2600000, 5601000)","4100500","internal (oviduct)","dioecism","Actinopteri","Perciformes","Sebastidae","Sebastes","miniatus","9.71010414236387","45.1627318573588","12137327016.9519"
"154","Sebastes miniatus","Vermilion rockfish","Hyde & Vetter 2009 Canadian Journal of Fisheries and Aquatic Sciences 66:1569-1581","United States","Bodega Bay, California ","38.2304","-123.0144",NA,"","cytb","12","782","0.785","NA","0.001","NA","mtdna101","91","c(2600000, 5601000)","4100500","internal (oviduct)","dioecism","Actinopteri","Perciformes","Sebastidae","Sebastes","miniatus","9.71010414236387","45.1627318573588","12137327016.9519"
"155","Sebastes miniatus","Vermilion rockfish","Hyde & Vetter 2009 Canadian Journal of Fisheries and Aquatic Sciences 66:1569-1581","United States","Brookings, Oregon","42.05111","-124.3068",NA,"","cytb","46","782","0.776","NA","0.002","NA","mtdna101","91","c(2600000, 5601000)","4100500","internal (oviduct)","dioecism","Actinopteri","Perciformes","Sebastidae","Sebastes","miniatus","9.71010414236387","45.1627318573588","12137327016.9519"
"156","Sebastes miniatus","Vermilion rockfish","Hyde & Vetter 2009 Canadian Journal of Fisheries and Aquatic Sciences 66:1569-1581","United States","Cape Blanco, Oregon","42.8385","-124.5666",NA,"","cytb","50","782","0.853","NA","0.002","NA","mtdna101","91","c(2600000, 5601000)","4100500","internal (oviduct)","dioecism","Actinopteri","Perciformes","Sebastidae","Sebastes","miniatus","9.71010414236387","45.1627318573588","12137327016.9519"
"157","Sebastes miniatus","Vermilion rockfish","Hyde & Vetter 2009 Canadian Journal of Fisheries and Aquatic Sciences 66:1569-1581","United States","Depoe Bay, Oregon","44.8107","-124.0679",NA,"","cytb","56","782","0.844","NA","0.002","NA","mtdna101","91","c(2600000, 5601000)","4100500","internal (oviduct)","dioecism","Actinopteri","Perciformes","Sebastidae","Sebastes","miniatus","9.71010414236387","45.1627318573588","12137327016.9519"
"158","Sebastes miniatus","Vermilion rockfish","Hyde & Vetter 2009 Canadian Journal of Fisheries and Aquatic Sciences 66:1569-1581","United States","Half Moon Bay, California","37.4632","-122.46",NA,"","cytb","45","782","0.832","NA","0.002","NA","mtdna101","91","c(2600000, 5601000)","4100500","internal (oviduct)","dioecism","Actinopteri","Perciformes","Sebastidae","Sebastes","miniatus","9.71010414236387","45.1627318573588","12137327016.9519"
"159","Sebastes miniatus","Vermilion rockfish","Hyde & Vetter 2009 Canadian Journal of Fisheries and Aquatic Sciences 66:1569-1581","United States","Neah Bay, Washington ","48.424","-124.6904",NA,"","cytb","17","782","0.757","NA","0.001","NA","mtdna101","91","c(2600000, 5601000)","4100500","internal (oviduct)","dioecism","Actinopteri","Perciformes","Sebastidae","Sebastes","miniatus","9.71010414236387","45.1627318573588","12137327016.9519"
"160","Sebastes miniatus","Vermilion rockfish","Hyde & Vetter 2009 Canadian Journal of Fisheries and Aquatic Sciences 66:1569-1581","United States","Palos Verdes, California ","33.7338","-118.3893",NA,"","cytb","46","782","0.452","NA","0.001","NA","mtdna101","91","c(2600000, 5601000)","4100500","internal (oviduct)","dioecism","Actinopteri","Perciformes","Sebastidae","Sebastes","miniatus","9.71010414236387","45.1627318573588","12137327016.9519"
"161","Sebastes miniatus","Vermilion rockfish","Hyde & Vetter 2009 Canadian Journal of Fisheries and Aquatic Sciences 66:1569-1581","United States","Piedras Blancas, California","35.6712","-121.2893",NA,"","cytb","39","782","0.635","NA","0.001","NA","mtdna101","91","c(2600000, 5601000)","4100500","internal (oviduct)","dioecism","Actinopteri","Perciformes","Sebastidae","Sebastes","miniatus","9.71010414236387","45.1627318573588","12137327016.9519"
"162","Sebastes miniatus","Vermilion rockfish","Hyde & Vetter 2009 Canadian Journal of Fisheries and Aquatic Sciences 66:1569-1581","United States","San Diego, California ","32.727","-117.2771",NA,"","cytb","54","782","0.499","NA","0.001","NA","mtdna101","91","c(2600000, 5601000)","4100500","internal (oviduct)","dioecism","Actinopteri","Perciformes","Sebastidae","Sebastes","miniatus","9.71010414236387","45.1627318573588","12137327016.9519"
"163","Sebastes miniatus","Vermilion rockfish","Hyde & Vetter 2009 Canadian Journal of Fisheries and Aquatic Sciences 66:1569-1581","United States","San Miguel Island, California","34.0547","-120.35",NA,"","cytb","30","782","0.489","NA","0.001","NA","mtdna101","91","c(2600000, 5601000)","4100500","internal (oviduct)","dioecism","Actinopteri","Perciformes","Sebastidae","Sebastes","miniatus","9.71010414236387","45.1627318573588","12137327016.9519"
"164","Sebastes miniatus","Vermilion rockfish","Hyde & Vetter 2009 Canadian Journal of Fisheries and Aquatic Sciences 66:1569-1581","United States","Santa Barbara, California","34.3963","-119.6937",NA,"","cytb","95","782","0.39","NA","0.001","NA","mtdna101","91","c(2600000, 5601000)","4100500","internal (oviduct)","dioecism","Actinopteri","Perciformes","Sebastidae","Sebastes","miniatus","9.71010414236387","45.1627318573588","12137327016.9519"
"165","Sebastes miniatus","Vermilion rockfish","Hyde & Vetter 2009 Canadian Journal of Fisheries and Aquatic Sciences 66:1569-1581","United States","Shelter Cove, Oregon","40.0305","-124.0828",NA,"","cytb","63","782","0.879","NA","0.002","NA","mtdna101","91","c(2600000, 5601000)","4100500","internal (oviduct)","dioecism","Actinopteri","Perciformes","Sebastidae","Sebastes","miniatus","9.71010414236387","45.1627318573588","12137327016.9519"
"166","Syngnathus leptorhynchus","Bay pipefish","Wilson 2006","USA","Newport","44.645","-124.268105",NA,"2003","control region","20","465","0.7263","0.0205","0.003","0.000492","mtdna101","32.5",NA,"NaN","in brood pouch or similar structure","dioecism","Actinopteri","Syngnathiformes","Syngnathidae","Syngnathus","leptorhynchus","1.06319764070016","4.1148420216299","27.2779608422944"
"167","Syngnathus leptorhynchus","Bay pipefish","Wilson 2006","USA","Padilla Bay","48.557","-122.547414",NA,"2003","control region","20","465","0.5211","0.0301","0.0014","0.000291","mtdna101","32.5",NA,"NaN","in brood pouch or similar structure","dioecism","Actinopteri","Syngnathiformes","Syngnathidae","Syngnathus","leptorhynchus","1.06319764070016","4.1148420216299","27.2779608422944"
"168","Syngnathus leptorhynchus","Bay pipefish","Wilson 2006","USA","San Diego","32.639","-117.666497",NA,"2003","control region","20","465","0.5789","0.0278","0.0056","0.000783","mtdna101","32.5",NA,"NaN","in brood pouch or similar structure","dioecism","Actinopteri","Syngnathiformes","Syngnathidae","Syngnathus","leptorhynchus","1.06319764070016","4.1148420216299","27.2779608422944"
"169","Xiphias gladius","Swordfish","Bremer, Mejuto et al. 1999","USA","Georges Banks, NW Atlantic","42.056454","-68.31162","SWORDNATL","","control region","45","330","NA","NA","0.024745","NA","mtdna101","455","c(""1000000"", ""2000000"")","1500000","external","dioecism","Actinopteri","Istiophoriformes","Xiphiidae","Xiphias","gladius","4.25424355792305","15.0476058940838","63997.6530520452"
